time,linesAdded,linesRemoved,totalChurn,loc,maxstatements,maxdepth,complexity,maxlen,maxparams,maxnestedcallbacks,complexswitchcase,thisassign,complexchaining,noreassign,noextrabind,condassign,event,smelly
0,9,1,10,67,0,0,0,0,0,0,0,0,0,1,0,0,0,1
0,6,1,7,72,0,0,0,0,0,0,0,0,0,1,0,0,0,1
0,1,0,1,73,0,0,0,0,0,0,0,0,0,1,0,0,0,1
1,6,1,7,78,0,0,0,0,0,0,0,0,0,1,0,0,0,1
46,2,2,4,78,0,0,0,0,0,0,0,0,0,1,0,0,0,1
0,1,1,2,78,0,0,0,0,0,0,0,0,0,1,0,0,0,1
74,10,5,15,83,0,0,0,0,0,0,0,0,0,1,0,0,0,1
122,19,5,24,97,0,0,0,0,0,0,0,0,0,1,0,0,0,1
1,1,1,2,97,0,0,0,0,0,0,0,0,0,1,0,0,0,1
367,8,1,9,104,0,0,0,0,0,0,0,0,0,1,0,0,0,1
820,1,1,2,104,0,0,0,0,0,0,0,0,0,1,0,0,0,1
8,11,15,26,100,0,0,0,0,0,0,0,0,0,1,0,0,0,1
3,2,0,2,102,0,0,0,0,0,0,0,0,0,1,0,0,0,1
600,11,7,18,106,0,0,0,0,0,0,0,0,0,1,0,0,0,1
926,0,107,107,107,0,0,0,0,0,0,0,0,0,0,0,0,0,0
0,5,1,6,32,0,0,0,0,0,0,0,0,0,0,0,0,0,0
0,11,14,25,29,0,0,0,0,0,0,0,0,0,0,0,0,0,0
1,12,0,12,41,0,0,0,0,0,0,0,0,0,1,0,0,0,1
3086,7,5,12,43,0,0,0,0,0,0,0,0,0,1,0,0,0,1
1688,1,0,1,44,0,0,0,0,0,0,0,0,0,1,0,0,0,1
1346,8,1,9,52,0,0,0,0,0,0,0,0,0,1,0,0,0,1
22,0,21,21,31,0,0,0,0,0,0,0,0,0,1,0,0,0,1
3,0,31,31,31,0,0,0,0,0,0,0,0,0,0,0,0,0,0
0,0,120,120,120,0,0,0,0,0,0,0,0,0,0,0,0,0,0
0,11,0,11,11,0,0,0,0,0,0,0,0,0,1,0,0,0,1
309,35,1,36,45,0,0,0,0,0,0,0,0,0,1,0,0,0,1
4109,3,2,5,46,0,0,0,0,0,0,0,0,0,1,0,0,0,1
507,1,1,2,46,0,0,0,0,0,0,0,0,0,1,0,0,0,1
304,11,0,11,57,0,0,0,0,0,0,0,0,0,1,0,0,0,1
1232,1,1,2,57,0,0,0,0,0,0,0,0,0,1,0,0,0,1
912,19,1,20,75,0,0,0,0,0,0,0,0,0,1,0,0,0,1
1858,2,1,3,76,0,0,0,0,0,0,0,0,0,1,0,0,0,1
1,2,2,4,75,0,0,0,0,0,0,0,0,0,1,0,0,0,1
0,2,2,4,75,0,0,0,0,0,0,0,0,0,1,0,0,0,1
19,1,2,3,75,0,0,0,0,0,0,0,0,0,1,0,0,0,1
278,10,3,13,82,0,0,0,0,0,0,0,0,0,1,0,0,0,1
3010,9,5,14,86,0,0,0,0,0,0,0,0,0,1,0,0,0,1
1966,5,1,6,90,0,0,0,0,0,0,0,0,0,1,0,0,0,1
17790,5,2,7,93,0,0,0,0,0,0,0,0,0,1,0,0,0,1
248,2,0,2,95,0,0,0,0,0,0,0,0,0,1,0,0,0,1
0,19,17,36,97,0,0,0,0,0,0,0,0,0,1,0,0,0,1
1,2,2,4,97,0,0,0,0,0,0,0,0,0,1,0,0,0,1
0,0,1,1,96,0,0,0,0,0,0,0,0,0,1,0,0,0,1
0,4,3,7,97,0,0,0,0,0,0,0,0,0,1,0,0,0,1
5,2,0,2,99,0,0,0,0,0,0,0,0,0,1,0,0,0,1
939,18,0,18,117,0,0,0,0,0,0,0,0,0,1,0,0,0,1
164,1,1,2,117,0,0,0,0,0,0,0,0,0,1,0,0,0,1
1267,3,1,4,119,0,0,0,0,0,0,0,0,0,1,0,0,0,1
95,1,1,2,119,0,0,0,0,0,0,0,0,0,1,0,0,0,1
570,1,1,2,119,0,0,0,0,0,0,0,0,0,1,0,0,0,1
646,1,2,3,118,0,0,0,0,0,0,0,0,0,1,0,0,0,1
67,22,0,22,140,0,0,0,0,0,0,0,0,1,1,0,0,0,1
1235,1,1,2,140,0,0,0,0,0,0,0,0,1,1,0,0,0,1
722,1,1,2,140,0,0,0,0,0,0,0,0,1,1,0,0,0,1
4175,3,1,4,142,0,0,0,0,0,0,0,0,1,1,0,0,0,1
7598,18,16,34,144,0,0,0,0,0,0,0,0,1,1,0,0,0,1
3688,16,18,34,142,0,0,0,0,0,0,0,0,1,1,0,0,0,1
0,50,0,50,50,0,0,0,0,0,0,0,0,0,1,0,0,0,1
3,0,50,50,50,0,0,0,0,0,0,0,0,0,0,0,0,0,0
0,122,0,122,122,0,0,0,0,0,0,0,0,0,1,0,0,0,1
3,0,122,122,122,0,0,0,0,0,0,0,0,0,0,0,0,0,0
0,79,0,79,78,0,0,0,0,0,0,0,0,0,1,0,0,0,1
21,21,0,21,99,0,0,0,0,0,0,0,0,0,1,0,0,0,1
0,1,1,2,100,0,0,0,0,0,0,0,0,0,1,0,0,0,1
1,1,0,1,101,0,0,0,0,0,0,0,0,0,1,0,0,0,1
0,1,0,1,102,0,0,0,0,0,0,0,0,0,1,0,0,0,1
1,1,0,1,103,0,0,0,0,0,0,0,0,0,1,0,0,0,1
98,2,1,3,104,0,0,0,0,0,0,0,0,0,1,0,0,0,1
188,7,37,44,74,0,0,0,0,0,0,0,0,0,1,0,0,0,1
4109,6,1,7,79,0,0,0,0,0,0,0,0,0,1,0,0,0,1
0,1,2,3,78,0,0,0,0,0,0,0,0,0,1,0,0,0,1
810,13,0,13,91,0,0,0,0,0,0,0,0,0,1,0,0,0,1
1232,35,36,71,90,0,0,0,0,0,0,0,0,0,1,0,0,0,1
1114,9,4,13,95,0,0,0,0,0,0,0,0,0,1,0,0,0,1
4498,17,16,33,96,0,0,0,0,0,0,0,0,0,1,0,0,0,1
465,16,17,33,95,0,0,0,0,0,0,0,0,0,1,0,0,0,1
32,1,1,2,95,0,0,0,0,0,0,0,0,0,1,0,0,0,1
4,17,0,17,112,0,0,0,0,0,0,0,0,0,1,0,0,0,1
841,5,0,5,117,0,0,0,0,0,0,0,0,0,1,0,0,0,1
4870,1,1,2,117,0,0,0,0,0,0,0,0,0,1,0,0,0,1
53,5,0,5,122,0,0,0,0,0,0,0,0,0,1,0,0,0,1
12622,1,1,2,122,0,0,0,0,0,0,0,0,0,1,0,0,0,1
0,1,2,3,121,0,0,0,0,0,0,0,0,0,1,0,0,0,1
891,19,0,19,140,0,0,0,0,0,0,0,0,0,1,0,0,0,1
442,140,132,272,148,0,0,0,0,0,0,0,0,0,1,0,0,0,1
248,2,0,2,150,0,0,0,0,0,0,0,0,0,1,0,0,0,1
0,1,1,2,150,0,0,0,0,0,0,0,0,0,1,0,0,0,1
0,19,19,38,150,0,0,0,0,0,0,0,0,0,1,0,0,0,1
0,2,2,4,150,0,0,0,0,0,0,0,0,0,1,0,0,0,1
1965,3,2,5,151,0,0,0,0,0,0,0,0,0,1,0,0,0,1
1722,1,3,4,149,0,0,0,0,0,0,0,0,0,1,0,0,0,1
1235,5,0,5,154,0,0,0,0,0,0,0,0,0,1,0,0,0,1
66,0,3,3,151,0,0,0,0,0,0,0,0,0,1,0,0,0,1
4100,50,50,100,151,0,0,0,0,0,0,0,0,0,1,0,0,0,1
412,20,0,20,171,0,0,0,0,0,0,0,0,0,1,0,0,0,1
7984,3,3,6,171,0,0,0,0,0,0,0,0,0,1,0,0,0,1
3688,47,64,111,154,0,0,0,0,0,0,0,0,0,1,0,0,0,1
0,28,0,28,27,0,0,0,0,0,0,0,0,0,0,0,0,0,0
0,1,1,2,28,0,0,0,0,0,0,0,0,0,0,0,0,0,0
1,2,0,2,29,0,0,0,0,0,0,0,0,0,0,0,0,0,0
6866,8,1,9,37,0,0,0,0,0,0,0,0,0,0,0,0,0,0
12,0,7,7,30,0,0,0,0,0,0,0,0,0,0,0,0,0,0
2332,7,0,7,37,0,0,0,0,0,0,0,0,0,0,0,0,0,0
9055,1,1,2,37,0,0,0,0,0,0,0,0,0,0,0,0,0,0
13893,22,1,23,58,0,0,0,0,0,0,0,0,0,0,0,0,0,0
117,63,53,116,68,0,0,0,0,0,0,0,0,0,0,0,0,0,0
245,2,0,2,70,0,0,0,0,0,0,0,0,0,0,0,0,0,0
54,9,0,9,79,0,0,0,0,0,0,0,0,0,0,0,0,0,0
2869,19,0,19,98,0,0,0,0,0,0,0,0,0,0,0,0,0,0
763,1,2,3,97,0,0,0,0,0,0,0,0,0,0,0,0,0,0
1610,11,0,11,108,0,0,0,0,0,0,0,0,0,1,0,0,0,1
12188,1,1,2,108,0,0,0,0,0,0,0,0,0,1,0,0,0,1
3688,23,23,46,108,0,0,0,0,0,0,0,0,0,1,0,0,0,1
0,53,0,53,53,0,0,0,0,0,0,0,0,0,1,0,0,0,1
2307,24,1,25,76,0,0,0,0,0,0,0,0,0,1,0,0,0,1
1270,13,3,16,86,0,0,0,0,0,0,0,0,0,1,0,0,0,1
3,15,3,18,97,0,0,0,0,0,0,0,0,0,1,0,0,0,1
241,19,1,20,115,0,0,0,0,0,0,0,0,1,1,0,0,0,1
20,25,5,30,136,0,0,0,0,0,0,0,0,1,1,0,0,0,1
774,8,8,16,136,0,0,0,0,0,0,0,0,1,1,0,0,0,1
1535,133,102,235,167,0,0,0,0,0,0,0,0,1,1,0,0,0,1
1012,15,0,15,182,0,0,0,0,0,0,0,0,1,1,0,0,0,1
1782,20,0,20,202,0,0,0,0,0,0,0,0,1,1,0,0,0,1
4613,1,1,2,202,0,0,0,0,0,0,0,0,1,1,0,0,0,1
636,14,0,14,216,0,0,0,0,0,0,0,0,1,1,0,0,0,1
2700,5,5,10,216,0,0,0,0,0,0,0,0,1,1,0,0,0,1
1082,1,1,2,216,0,0,0,0,0,0,0,0,1,1,0,0,0,1
9834,5,5,10,216,0,0,0,0,0,0,0,0,1,1,0,0,0,1
0,15,0,15,231,0,0,0,0,0,0,0,0,1,1,0,0,0,1
4288,200,150,350,281,0,0,0,0,0,0,0,0,1,1,0,0,0,1
133,2,0,2,283,0,0,0,0,0,0,0,0,1,1,0,0,0,1
1,3,1,4,285,0,0,0,0,0,0,0,0,1,1,0,0,0,1
0,1,0,1,286,0,0,0,0,0,0,0,0,1,1,0,0,0,1
876,2,8,10,280,0,0,0,0,0,0,0,0,1,1,0,0,0,1
1088,3,2,5,281,0,0,0,0,0,0,0,0,1,1,0,0,0,1
647,29,8,37,302,0,0,0,0,0,0,0,0,1,1,0,0,0,1
1074,1,2,3,301,0,0,0,0,0,0,0,0,1,1,0,0,0,1
1211,60,0,60,361,0,0,0,0,0,0,0,1,1,1,0,0,0,1
90,5,4,9,302,0,0,0,0,0,0,0,0,1,1,0,0,0,1
4124,19,1,20,380,0,0,0,0,0,0,0,1,1,1,0,0,0,1
125,1,1,2,380,0,0,0,0,0,0,0,1,1,1,0,0,0,1
8247,1,1,2,380,0,0,0,0,0,0,0,1,1,1,0,0,0,1
2,5,2,7,383,0,0,0,0,0,0,0,1,1,1,0,0,0,1
3686,68,69,137,382,0,0,0,0,0,0,0,1,1,1,0,0,0,1
0,84,0,84,84,0,0,0,0,0,0,0,0,0,0,0,0,0,0
1259,7,7,14,84,0,0,0,0,0,0,0,0,0,0,0,0,0,0
422,12,12,24,84,0,0,0,0,0,0,0,0,0,0,0,0,0,0
1113,3,1,4,86,0,0,0,0,0,0,0,0,0,0,0,0,0,0
0,61,60,121,87,0,0,0,0,0,0,0,0,0,0,0,0,0,0
11825,1,1,2,87,0,0,0,0,0,0,0,0,0,0,0,0,0,0
4655,12,1,13,98,0,0,0,0,0,0,0,0,0,0,0,0,0,0
808,3,1,4,100,0,0,0,0,0,0,0,0,0,0,0,0,0,0
7211,1,1,2,100,0,0,0,0,0,0,0,0,0,0,0,0,0,0
0,1,2,3,99,0,0,0,0,0,0,0,0,0,0,0,0,0,0
871,2,1,3,100,0,0,0,0,0,0,0,0,0,0,0,0,0,0
588,67,62,129,105,0,0,0,0,0,0,0,0,0,0,0,0,0,0
72,5,0,5,110,0,0,0,0,0,0,0,0,0,0,0,0,0,0
50,2,0,2,112,0,0,0,0,0,0,0,0,0,0,0,0,0,0
0,1,1,2,112,0,0,0,0,0,0,0,0,0,0,0,0,0,0
1,1,0,1,113,0,0,0,0,0,0,0,0,0,0,0,0,0,0
188,11,5,16,119,0,0,0,0,0,0,0,0,0,0,0,0,0,0
688,90,91,181,118,0,0,0,0,0,0,0,0,0,0,0,0,0,0
1088,3,2,5,119,0,0,0,0,0,0,0,0,0,0,0,0,0,0
1722,0,2,2,117,0,0,0,0,0,0,0,0,0,0,0,0,0,0
3289,29,0,29,146,0,0,0,0,0,0,0,0,0,0,0,0,0,0
10500,19,5,24,159,0,0,0,0,0,0,0,0,0,0,0,0,0,0
2,116,117,233,145,0,0,0,0,0,0,0,0,0,0,0,0,0,0
5,1,1,2,145,0,0,0,0,0,0,0,0,0,0,0,0,0,0
295,47,0,47,192,0,0,0,0,0,0,0,0,0,1,0,0,0,1
188,29,0,29,235,0,0,0,0,0,0,0,0,0,1,0,0,0,1
1,22,7,29,221,0,0,0,0,0,0,0,0,0,1,0,0,0,1
3204,42,41,83,251,0,0,0,0,0,0,0,0,0,1,0,0,0,1
0,146,0,146,145,0,0,0,0,0,0,0,0,0,1,0,0,0,1
5113,8,2,10,151,0,0,0,0,0,0,0,0,0,1,0,0,0,1
4868,0,152,152,152,0,0,0,0,0,0,0,0,0,0,0,0,0,0
0,67,0,67,67,0,0,0,0,0,0,0,0,0,1,0,0,0,1
2,19,6,25,80,0,0,0,0,0,0,0,0,0,1,0,0,0,1
1110,76,0,76,76,0,0,0,0,0,0,0,0,0,1,0,0,0,1
1186,8,2,10,123,0,0,0,0,0,0,0,0,0,1,0,0,0,1
0,4,4,8,123,0,0,0,0,0,0,0,0,0,1,0,0,0,1
675,1,1,2,123,0,0,0,0,0,0,0,0,0,1,0,0,0,1
163,37,1,38,159,0,0,0,0,0,0,0,0,0,1,0,0,0,1
403,6,2,8,163,0,0,0,0,0,0,0,0,0,1,0,0,0,1
595,72,81,153,154,0,0,0,0,0,0,0,0,0,1,0,0,0,1
7868,3,2,5,155,0,0,0,0,0,0,0,0,0,1,0,0,0,1
1,1,1,2,155,0,0,0,0,0,0,0,0,0,1,0,0,0,1
5176,3,3,6,155,0,0,0,0,0,0,0,0,0,1,0,0,1,1
284,8,0,8,163,0,0,0,0,0,0,0,0,0,1,0,0,0,1
2174,2,4,6,161,0,0,0,0,0,0,0,0,0,1,0,0,0,1
2964,17,12,29,166,0,0,0,0,0,0,0,0,1,1,0,0,0,1
2147,58,3,61,221,0,0,0,0,0,0,0,0,1,1,0,0,0,1
334,1,1,2,221,0,0,0,0,0,0,0,0,1,1,0,0,0,1
206,36,2,38,255,0,0,0,0,0,0,0,0,0,1,0,0,0,1
607,1,1,2,255,0,0,0,0,0,0,0,0,0,1,0,0,0,1
126,28,19,47,264,0,0,0,0,0,0,0,0,0,1,0,0,0,1
115,256,195,451,325,0,0,0,0,0,0,0,0,0,1,0,0,0,1
104,0,8,8,317,0,0,0,0,0,0,0,0,0,1,0,0,0,1
18,2,0,2,319,0,0,0,0,0,0,0,0,0,1,0,0,0,1
1965,5,3,8,321,0,0,0,0,0,0,0,0,0,1,0,0,0,1
1213,34,0,34,355,0,0,0,0,0,0,0,0,1,1,0,0,0,1
0,1,1,2,355,0,0,0,0,0,0,0,0,1,1,0,0,0,1
1,3,3,6,355,0,0,0,0,0,0,0,0,1,1,0,0,0,1
507,3,3,6,355,0,0,0,0,0,0,0,0,1,1,0,0,0,1
2279,20,1,21,374,0,0,0,0,0,0,0,0,1,1,0,0,0,1
1233,37,0,37,411,0,0,0,0,0,0,0,0,1,1,0,0,0,1
1718,1,1,2,411,0,0,0,0,0,0,0,0,1,1,0,0,0,1
22,20,4,24,427,0,0,0,0,0,0,0,0,0,1,0,0,0,1
150,3,3,6,374,0,0,0,0,0,0,0,0,1,1,0,0,0,1
4565,6,2,8,431,0,0,0,0,0,0,0,0,0,1,0,0,0,1
3831,2,2,4,431,0,0,0,0,0,0,0,0,0,1,0,0,0,1
264,18,0,18,449,0,0,0,0,0,0,0,0,0,1,0,0,0,1
3425,73,73,146,449,0,0,0,0,0,0,0,0,0,1,0,0,0,1
0,23,0,23,22,0,0,0,0,1,0,0,0,1,1,0,0,0,1
13,0,23,23,23,0,0,0,0,0,0,0,0,0,0,0,0,0,0
0,23,0,23,22,0,0,0,0,1,0,0,0,1,1,0,0,0,1
441,1,1,2,22,0,0,0,0,1,0,0,0,1,1,0,0,0,1
1,13,2,15,33,0,0,0,0,1,0,0,0,1,1,0,0,0,1
1670,1,1,2,33,0,0,0,0,1,0,0,0,1,1,0,0,0,1
967,5,5,10,33,0,0,0,0,1,0,0,0,1,1,0,0,0,1
1898,2,2,4,33,0,0,0,0,1,0,0,0,1,1,0,0,0,1
3636,21,13,34,42,0,0,0,0,1,0,0,0,1,0,0,0,0,1
0,13,21,34,33,0,0,0,0,1,0,0,0,1,1,0,0,0,1
1,5,4,9,43,0,0,0,0,1,0,0,0,1,0,0,0,0,1
97,5,5,10,43,0,0,0,0,1,0,0,0,1,0,0,0,0,1
2687,0,43,43,43,0,0,0,0,0,0,0,0,0,0,0,0,0,0
0,109,0,109,109,0,0,0,0,0,0,0,0,1,1,0,0,0,1
13,0,109,109,109,0,0,0,0,0,0,0,0,0,0,0,0,0,0
0,109,0,109,109,0,0,0,0,0,0,0,0,1,1,0,0,0,1
1082,17,9,26,117,0,0,0,0,0,0,0,0,1,1,0,0,0,1
2168,1,1,2,117,0,0,0,0,0,0,0,0,1,1,0,0,0,1
8148,1,1,2,117,0,0,0,0,0,0,0,0,1,1,0,0,0,1
0,1,1,2,117,0,0,0,0,0,0,0,0,1,1,0,0,0,1
4592,23,1,24,147,0,0,0,0,0,0,0,0,1,1,0,0,0,1
33,2,1,3,148,0,0,0,0,0,0,0,0,1,1,0,0,0,1
835,8,0,8,125,0,0,0,0,0,0,0,0,1,1,0,0,0,1
8661,134,121,255,161,0,0,0,0,0,0,0,0,1,1,0,0,0,1
116,0,8,8,153,0,0,0,0,0,0,0,0,1,1,0,0,0,1
18,2,0,2,155,0,0,0,0,0,0,0,0,1,1,0,0,0,1
0,27,27,54,155,0,0,0,0,0,0,0,0,1,1,0,0,0,1
289,150,2,152,303,0,0,0,1,0,0,0,0,1,1,0,0,0,1
1428,152,0,152,455,0,0,0,1,0,0,0,0,1,1,0,0,0,1
0,4,4,8,455,0,0,0,1,0,0,0,0,1,1,0,0,0,1
11,47,0,47,502,0,0,0,1,0,0,0,0,1,1,0,0,0,1
8,5,7,12,500,0,0,0,1,0,0,0,0,1,1,0,0,0,1
16,15,3,18,512,0,0,0,1,0,0,0,0,1,1,0,0,0,1
204,17,0,17,529,0,0,0,1,0,0,0,0,1,1,0,0,0,1
437,14,14,28,529,0,0,0,1,0,0,0,0,1,1,0,0,0,1
1293,1,1,2,529,0,0,0,1,0,0,0,0,1,1,0,0,0,1
804,27,0,27,556,0,0,0,1,0,0,0,0,1,1,0,0,0,1
14,4,13,17,547,0,0,0,1,0,0,0,0,1,1,0,0,0,1
0,28,1,29,574,0,0,0,1,0,0,0,0,1,1,0,0,0,1
52,19,0,19,593,0,0,0,1,0,0,0,0,1,1,0,0,0,1
5,5,6,11,592,0,0,0,1,0,0,0,0,1,1,0,0,0,1
153,2,5,7,589,0,0,0,1,0,0,0,0,1,1,0,0,0,1
292,33,0,33,622,0,0,0,1,0,1,0,0,1,1,0,0,0,1
23,32,0,32,654,0,0,0,1,0,1,0,0,1,1,0,0,0,1
606,65,41,106,678,0,0,0,1,0,1,0,0,1,1,0,0,0,1
935,3,0,3,681,0,0,0,1,0,1,0,0,1,1,0,0,0,1
2517,36,36,72,681,0,0,0,1,0,1,0,0,1,1,0,0,0,1
8396,14,11,25,684,0,0,0,1,0,1,0,0,1,1,0,0,0,1
3688,344,364,708,664,0,0,0,1,0,1,0,0,1,1,0,0,0,1
0,19,0,19,18,0,0,0,0,0,0,0,0,0,1,0,0,0,1
13,0,19,19,19,0,0,0,0,0,0,0,0,0,0,0,0,0,0
0,790,0,790,790,0,0,0,0,0,0,0,0,0,0,0,0,0,0
0,18,789,807,19,0,0,0,0,0,0,0,0,0,1,0,0,0,1
8711,6,6,12,19,0,0,0,0,0,0,0,0,0,1,0,0,0,1
2686,0,19,19,19,0,0,0,0,0,0,0,0,0,0,0,0,0,0
0,29,0,29,29,0,0,0,0,0,0,0,0,0,0,0,0,0,0
715,2,2,4,29,0,0,0,0,0,0,0,0,0,0,0,0,0,0
2219,2,2,4,29,0,0,0,0,0,0,0,0,0,0,0,0,0,0
8463,0,29,29,29,0,0,0,0,0,0,0,0,0,0,0,0,0,0
0,90,0,90,90,0,0,0,0,0,0,0,0,0,0,0,0,0,0
11397,0,90,90,90,0,0,0,0,0,0,0,0,0,0,0,0,0,0
0,57,0,57,57,0,0,0,0,0,0,0,0,0,1,0,0,0,1
395,1,1,2,57,0,0,0,0,0,0,0,0,0,1,0,0,0,1
0,1,3,4,55,0,0,0,0,0,0,0,0,0,1,0,0,0,1
320,10,5,15,60,0,0,0,0,0,0,0,0,0,1,0,0,0,1
2219,15,10,25,65,0,0,0,0,0,0,0,0,0,1,0,0,0,1
8463,0,65,65,65,0,0,0,0,0,0,0,0,0,0,0,0,0,0
0,72,0,72,72,0,0,0,0,0,0,0,0,0,1,0,0,0,1
11397,0,72,72,72,0,0,0,0,0,0,0,0,0,0,0,0,0,0
0,40,0,40,40,0,0,0,0,0,0,0,0,0,1,0,0,0,1
0,1,2,3,39,0,0,0,0,0,0,0,0,0,1,0,0,0,1
2245,1,1,2,39,0,0,0,0,0,0,0,0,0,1,0,0,0,1
19,1,1,2,39,0,0,0,0,0,0,0,0,0,1,0,0,0,1
9036,1,1,2,39,0,0,0,0,0,0,0,0,0,1,0,0,0,1
13242,6,1,7,44,0,0,0,0,0,0,0,0,0,1,0,0,0,1
889,224,37,261,231,0,0,0,0,0,0,0,0,0,1,0,0,0,1
3,3,0,3,234,0,0,0,0,0,0,0,0,0,1,0,0,0,1
122,2,0,2,236,0,0,0,0,0,0,0,0,0,1,0,0,0,1
0,1,1,2,236,0,0,0,0,0,0,0,0,0,1,0,0,0,1
1,2,2,4,236,0,0,0,0,0,0,0,0,0,1,0,0,0,1
1028,7,0,7,243,0,0,0,0,0,0,0,0,0,1,0,0,0,1
937,3,2,5,244,0,0,0,0,0,0,0,0,0,1,0,0,0,1
450,81,19,100,306,0,0,0,0,0,0,0,0,0,1,0,0,0,1
15069,200,200,400,306,0,0,0,0,0,1,0,0,0,1,0,0,0,1
3688,95,97,192,304,0,0,0,0,0,1,0,0,0,1,0,0,0,1
0,86,0,86,86,0,0,0,0,0,0,0,0,0,1,0,0,0,1
5166,3,3,6,86,0,0,0,0,0,0,0,0,0,1,0,0,0,1
32,1,1,2,86,0,0,0,0,0,0,0,0,0,1,0,0,0,1
4,1,1,2,86,0,0,0,0,0,0,0,0,0,1,0,0,0,1
4327,1,0,1,87,0,0,0,0,0,0,0,0,0,1,0,0,0,1
1384,1,1,2,87,0,0,0,0,0,0,0,0,0,1,0,0,0,1
14120,79,50,129,116,0,0,0,0,0,0,0,0,0,1,0,0,0,1
135,2,0,2,118,0,0,0,0,0,0,0,0,0,1,0,0,0,1
0,12,12,24,118,0,0,0,0,0,0,0,0,0,1,0,0,0,1
1965,3,2,5,119,0,0,0,0,0,0,0,0,0,1,0,0,0,1
1076,1,0,1,120,0,0,0,0,0,0,0,0,0,1,0,0,0,1
1199,7,1,8,126,0,0,0,0,0,0,0,0,0,1,0,0,0,1
4849,24,24,48,126,0,0,0,0,0,0,0,0,0,1,0,0,0,1
8396,2,2,4,126,0,0,0,0,0,0,0,0,0,1,0,0,0,1
3688,41,51,92,116,0,0,0,0,0,0,0,0,0,1,0,0,0,1
0,94,0,94,94,0,0,0,0,0,0,0,0,1,1,0,0,0,1
1836,4,4,8,94,0,0,0,0,0,0,0,0,1,1,0,0,0,1
9055,1,1,2,94,0,0,0,0,0,0,0,0,1,1,0,0,0,1
268,4,4,8,94,0,0,0,0,0,0,0,0,1,1,0,0,0,1
13764,65,55,120,104,0,0,0,0,0,1,0,0,1,1,0,0,0,1
223,2,0,2,106,0,0,0,0,0,1,0,0,1,1,0,0,0,1
0,1,1,2,106,0,0,0,0,0,1,0,0,1,1,0,0,0,1
1,1,1,2,106,0,0,0,0,0,1,0,0,1,1,0,0,0,1
1705,5,3,8,108,0,0,0,0,0,1,0,0,1,1,0,0,0,1
1981,1,1,2,108,0,0,0,0,0,1,0,0,1,1,0,0,0,1
9966,6,2,8,112,0,0,0,0,0,1,0,0,1,1,0,0,0,1
3831,2,2,4,112,0,0,0,0,0,1,0,0,1,1,0,0,0,1
3688,48,48,96,112,0,0,0,0,0,1,0,0,1,1,0,0,0,1
0,88,0,88,88,0,0,0,0,1,0,0,1,0,1,0,0,0,1
2,0,3,3,85,0,0,0,0,1,0,0,1,0,1,0,0,0,1
1,2,3,5,84,0,0,0,0,1,0,0,1,0,1,0,0,0,1
1484,21,1,22,104,0,0,0,0,1,0,0,1,0,1,0,0,0,1
1,2,3,5,103,0,0,0,0,1,0,0,1,0,1,0,0,0,1
6072,6,6,12,103,0,0,0,0,1,0,0,1,0,1,0,0,0,1
2687,0,103,103,103,0,0,0,0,0,0,0,0,0,0,0,0,0,0
0,52,0,52,52,0,0,0,0,0,0,0,0,0,1,0,0,0,1
9706,2,2,4,52,0,0,0,0,0,0,0,0,0,1,0,0,0,1
1,1,1,2,52,0,0,0,0,0,0,0,0,0,1,0,0,0,1
5176,4,3,7,53,0,0,0,0,0,0,0,0,0,1,0,0,1,1
284,8,0,8,61,0,0,0,0,0,0,0,0,0,1,0,0,0,1
2174,2,4,6,59,0,0,0,0,0,0,0,0,0,1,0,0,0,1
253,12,0,12,71,0,0,0,0,0,0,0,0,0,1,0,0,0,1
303,8,0,8,79,0,0,0,0,0,0,0,0,0,1,0,0,0,1
4889,2,2,4,79,0,0,0,0,0,0,0,0,0,1,0,0,0,1
813,2,2,4,79,0,0,0,0,0,0,0,0,0,1,0,0,0,1
141,64,54,118,89,0,0,0,0,1,0,0,0,0,1,0,0,0,1
205,0,8,8,81,0,0,0,0,1,0,0,0,0,1,0,0,0,1
18,2,0,2,83,0,0,0,0,1,0,0,0,0,1,0,0,0,1
189,52,0,52,135,0,0,0,0,1,0,0,0,1,1,0,0,0,1
1777,3,2,5,136,0,0,0,0,1,0,0,0,1,1,0,0,0,1
892,3,5,8,134,0,0,0,0,1,0,0,0,1,1,0,0,0,1
0,14,3,17,145,0,0,0,0,1,0,0,0,1,1,0,0,0,1
1163,24,0,24,169,0,0,0,0,1,0,0,0,1,1,0,0,0,1
9004,15,0,15,184,0,0,0,0,1,0,0,0,1,1,0,0,0,1
28,18,1,19,201,0,0,0,0,1,0,0,0,1,1,0,0,0,1
4432,58,56,114,203,0,0,0,0,1,1,0,0,1,1,0,0,0,1
3378,40,0,40,243,0,0,0,0,1,1,0,0,1,1,0,0,0,1
310,40,40,80,243,0,0,0,0,1,1,0,0,1,1,0,0,0,1
0,52,0,52,51,0,0,0,0,0,0,0,0,0,1,0,0,0,1
17,3,3,6,51,0,0,0,0,0,0,0,0,0,1,0,0,0,1
4,20,44,64,28,0,0,0,0,0,0,0,0,0,1,0,0,0,1
36,4,4,8,28,0,0,0,0,0,0,0,0,0,1,0,0,0,1
8794,6,0,6,34,0,0,0,0,0,0,0,0,0,1,0,0,1,1
206,1,1,2,28,0,0,0,0,0,0,0,0,0,1,0,0,0,1
1153,8,0,8,42,0,0,0,0,0,0,0,0,0,1,0,0,0,1
12793,8,1,9,49,0,0,0,0,0,0,0,0,0,1,0,0,0,1
0,6,0,6,55,0,0,0,0,0,0,0,0,0,1,0,0,0,1
184,101,55,156,101,0,0,0,0,0,0,0,0,0,1,0,0,0,1
124,2,0,2,103,0,0,0,0,0,0,0,0,0,1,0,0,0,1
0,2,2,4,103,0,0,0,0,0,0,0,0,0,1,0,0,0,1
3540,10,1,11,112,0,0,0,0,0,0,0,0,0,1,0,0,0,1
127,15,4,19,123,0,0,0,0,0,0,0,0,0,1,0,0,0,1
1707,27,15,42,135,0,0,0,0,0,0,0,0,0,1,0,0,0,1
15799,48,48,96,135,0,0,0,0,0,0,0,0,0,1,0,0,0,1
0,26,0,26,25,0,0,0,0,0,0,0,0,0,1,0,0,0,1
55,18,10,28,33,0,0,0,0,0,0,0,0,0,1,0,0,0,1
5,1,0,1,34,0,0,0,0,0,0,0,0,0,1,0,0,0,1
237,2,1,3,36,0,0,0,0,0,0,0,0,0,1,0,0,0,1
1,1,0,1,37,0,0,0,0,0,0,0,0,0,1,0,0,0,1
889,1,0,1,38,0,0,0,0,0,0,0,0,0,1,0,0,0,1
1417,1,0,1,39,0,0,0,0,0,0,0,0,0,1,0,0,0,1
2033,3,0,3,42,0,0,0,0,0,0,0,0,0,1,0,0,0,1
0,2,0,2,44,0,0,0,0,0,0,0,0,0,1,0,0,0,1
324,3,2,5,45,0,0,0,0,0,0,0,0,0,1,0,0,0,1
2614,14,2,16,57,0,0,0,0,0,0,0,0,0,1,0,0,0,1
427,3,1,4,59,0,0,0,0,0,0,0,0,0,1,0,0,0,1
1052,35,54,89,40,0,0,0,0,0,0,0,0,0,1,0,0,0,1
9176,6,0,6,46,0,0,0,0,0,0,0,0,0,1,0,0,0,1
4833,0,46,46,46,0,0,0,0,0,0,0,0,0,0,0,0,0,0
0,92,0,92,92,0,0,0,0,0,0,0,0,0,1,0,0,0,1
3307,3,3,6,92,0,0,0,0,0,0,0,0,0,1,0,0,0,1
5181,2,1,3,93,0,0,0,0,0,0,0,0,0,1,0,0,0,1
567,1,1,2,92,0,0,0,0,0,0,0,0,0,1,0,0,0,1
12675,1,0,1,94,0,0,0,0,0,0,0,0,0,1,0,0,0,1
0,1,2,3,93,0,0,0,0,0,0,0,0,0,1,0,0,0,1
1446,90,84,174,99,0,0,0,0,0,0,0,0,0,0,0,0,0,0
134,2,0,2,101,0,0,0,0,0,0,0,0,0,0,0,0,0,0
0,14,14,28,101,0,0,0,0,0,0,0,0,0,0,0,0,0,0
1965,3,2,5,102,0,0,0,0,0,0,0,0,0,0,0,0,0,0
7123,27,27,54,102,0,0,0,0,0,0,0,0,0,0,0,0,0,0
8396,1,1,2,102,0,0,0,0,0,0,0,0,0,0,0,0,0,0
3688,42,43,85,101,0,0,0,0,0,0,0,0,0,0,0,0,0,0
0,68,0,68,68,0,0,0,0,0,0,0,0,1,1,0,0,0,1
100,1,1,2,68,0,0,0,0,0,0,0,0,1,1,0,0,0,1
1390,33,2,35,99,0,0,0,0,0,0,0,0,1,1,0,0,0,1
3729,16,1,17,114,0,0,0,0,0,0,0,0,1,1,0,0,0,1
3639,15,0,15,129,0,0,0,0,0,0,0,0,1,1,0,0,0,1
143,1,1,2,129,0,0,0,0,0,0,0,0,1,1,0,0,0,1
11554,17,0,17,146,0,0,0,0,0,0,0,0,1,1,0,0,0,1
1522,31,0,31,177,0,0,0,0,0,0,0,0,1,1,0,0,0,1
218,21,0,21,198,0,0,0,0,0,0,0,0,1,1,0,0,0,1
546,21,0,21,219,0,0,0,0,0,0,0,0,1,1,0,0,0,1
167,249,211,460,257,0,0,0,0,0,1,0,0,1,1,0,0,0,1
247,2,0,2,259,0,0,0,0,0,1,0,0,1,1,0,0,0,1
0,12,12,24,259,0,0,0,0,0,1,0,0,1,1,0,0,0,1
1965,3,2,5,260,0,0,0,0,0,1,0,0,1,1,0,0,0,1
959,29,0,29,289,0,0,0,0,0,1,0,0,1,1,0,0,0,1
52,17,0,17,306,0,0,0,0,0,1,0,0,1,1,0,0,0,1
900,15,0,15,321,0,0,0,0,0,1,0,0,1,1,0,0,0,1
49,24,0,24,345,0,0,0,0,0,1,0,0,1,1,0,0,0,1
75,5,6,11,344,0,0,0,0,0,1,0,0,1,1,0,0,0,1
20,18,0,18,363,0,0,0,0,0,1,0,0,1,1,0,0,0,1
215,6,1,7,367,0,0,0,0,0,1,0,0,1,1,0,0,0,1
866,90,160,250,297,0,0,0,0,0,1,0,0,1,1,0,0,0,1
609,23,1,24,319,0,0,0,0,0,1,0,0,1,1,0,0,0,1
1676,8,0,8,327,0,0,0,0,0,1,0,0,1,1,0,0,0,1
624,3,2,5,328,0,0,0,0,0,1,0,0,1,1,0,0,0,1
218,2,3,5,327,0,0,0,0,0,1,0,0,1,1,0,0,0,1
4828,11,0,11,338,0,0,0,0,0,1,0,0,1,1,0,0,0,1
4427,1,1,2,338,0,0,0,0,0,1,0,0,1,1,0,0,0,1
3688,61,59,120,340,0,0,0,0,0,1,0,0,1,1,0,0,0,1
0,28,0,28,28,0,0,0,0,0,0,0,0,0,0,0,0,0,0
23013,2,0,2,30,0,0,0,0,0,0,0,0,0,0,0,0,0,0
0,11,11,22,30,0,0,0,0,0,0,0,0,0,0,0,0,0,0
5444,2,2,4,30,0,0,0,0,0,0,0,0,0,0,0,0,0,0
12040,21,17,38,34,0,0,0,0,0,0,0,0,1,0,0,0,0,1
3688,10,10,20,34,0,0,0,0,0,0,0,0,1,0,0,0,0,1
0,97,0,97,97,0,0,0,0,0,0,0,0,0,1,0,0,0,1
3010,3,3,6,97,0,0,0,0,0,0,0,0,0,1,0,0,0,1
32,1,1,2,97,0,0,0,0,0,0,0,0,0,1,0,0,0,1
4,1,1,2,97,0,0,0,0,0,0,0,0,0,1,0,0,0,1
5711,1,1,2,97,0,0,0,0,0,0,0,0,0,1,0,0,0,1
14120,91,84,175,104,0,0,0,0,0,0,0,0,0,1,0,0,0,1
0,0,104,104,104,0,0,0,0,0,0,0,0,0,0,0,0,0,0
0,61,0,61,61,0,0,0,0,0,0,0,0,1,1,0,0,0,1
3009,2,1,3,62,0,0,0,0,0,0,0,0,1,1,0,0,0,1
1039,2,1,3,63,0,0,0,0,0,0,0,0,1,1,0,0,0,1
2236,1,1,2,63,0,0,0,0,0,0,0,0,1,1,0,0,0,1
2473,1,1,2,63,0,0,0,0,0,0,0,0,1,1,0,0,0,1
1222,17,5,22,75,0,0,0,0,0,0,0,0,1,1,0,0,0,1
12007,0,3,3,72,0,0,0,0,0,0,0,0,1,1,0,0,0,1
905,66,50,116,88,0,0,0,0,0,0,0,0,1,1,0,0,0,1
122,2,0,2,90,0,0,0,0,0,0,0,0,1,1,0,0,0,1
1,2,1,3,91,0,0,0,0,0,0,0,0,1,1,0,0,0,1
2375,59,3,62,295,0,0,0,0,0,1,0,0,1,1,0,0,0,1
11,212,65,277,238,0,0,0,0,0,0,0,0,0,1,0,0,0,1
0,1,1,2,238,0,0,0,0,0,0,0,0,0,1,0,0,0,1
0,3,2,5,239,0,0,0,0,0,0,0,0,0,1,0,0,0,1
28,189,14,203,414,0,0,0,0,0,0,0,0,0,1,0,0,0,1
56,53,50,103,473,0,0,0,0,0,1,0,0,1,1,0,0,0,1
6711,1,1,2,473,0,0,0,0,0,1,0,0,1,1,0,0,0,1
8303,339,339,678,473,0,0,0,0,0,1,0,0,1,1,0,0,0,1
3688,128,135,263,466,0,0,0,0,0,1,0,0,1,1,0,0,0,1
0,229,0,229,229,0,0,0,0,0,0,0,1,0,1,0,0,0,1
4048,1,0,1,230,0,0,0,0,0,0,0,1,0,1,0,0,0,1
2022,124,127,251,227,0,0,0,0,0,0,0,1,0,1,0,0,0,1
2687,0,227,227,227,0,0,0,0,0,0,0,0,0,0,0,0,0,0
0,14,0,14,13,0,0,0,0,0,0,0,0,0,1,0,0,0,1
1417,1,1,2,13,0,0,0,0,0,0,0,0,1,1,0,0,0,1
6451,1,1,2,13,0,0,0,0,0,0,0,0,1,1,0,0,0,1
12890,10,2,12,21,0,0,0,0,0,0,0,0,1,1,0,0,0,1
1243,31,14,45,39,0,0,0,0,0,0,0,0,0,1,0,0,0,1
122,2,0,2,41,0,0,0,0,0,0,0,0,0,1,0,0,0,1
1,2,0,2,43,0,0,0,0,0,0,0,0,0,1,0,0,0,1
1964,3,2,5,44,0,0,0,0,0,0,0,0,0,1,0,0,0,1
1722,4,4,8,44,0,0,0,0,0,0,0,0,0,1,0,0,0,1
13798,3,2,5,45,0,0,0,0,0,0,0,0,0,1,0,0,0,1
3688,16,16,32,45,0,0,0,0,0,0,0,0,0,1,0,0,0,1
0,190,0,190,190,0,0,0,0,0,0,0,0,0,1,0,0,0,1
4368,38,37,75,191,0,0,0,0,0,0,0,0,0,1,0,0,0,1
2686,0,191,191,191,0,0,0,0,0,0,0,0,0,0,0,0,0,0
0,16,0,16,15,0,0,0,0,0,0,0,0,0,1,0,0,0,1
6451,1,1,2,15,0,0,0,0,0,0,0,0,0,1,0,0,0,1
14122,31,13,44,34,0,0,0,0,0,0,0,0,0,1,0,0,0,1
133,2,0,2,36,0,0,0,0,0,0,0,0,0,1,0,0,0,1
1965,3,2,5,37,0,0,0,0,0,0,0,0,0,1,0,0,0,1
1896,28,0,28,65,0,0,0,0,0,1,0,0,0,1,0,0,0,1
3140,82,0,82,147,0,0,0,0,0,1,0,0,0,1,0,0,0,1
9588,1,1,2,147,0,0,0,0,0,1,0,0,0,1,0,0,0,1
895,12,11,23,148,0,0,0,0,0,1,0,0,0,1,0,0,0,1
3688,14,14,28,148,0,0,0,0,0,1,0,0,0,1,0,0,0,1
0,60,0,60,60,0,0,0,0,0,0,0,0,0,1,0,0,0,1
7062,2,1,3,61,0,0,0,0,0,0,0,0,0,1,0,0,0,1
1384,1,1,2,61,0,0,0,0,0,0,0,0,0,1,0,0,0,1
14123,0,61,61,61,0,0,0,0,0,0,0,0,0,0,0,0,0,0
0,35,0,35,35,0,0,0,0,0,0,0,0,0,1,0,0,0,1
831,1,1,2,35,0,0,0,0,0,0,0,0,0,1,0,0,0,1
4418,1,1,2,35,0,0,0,0,0,0,0,0,0,1,0,0,0,1
3013,1,0,1,36,0,0,0,0,0,0,0,0,0,1,0,0,0,1
2447,8,0,8,44,0,0,0,0,0,0,0,0,0,1,0,0,0,1
8556,42,28,70,58,0,0,0,0,0,0,0,0,0,1,0,0,0,1
221,0,8,8,50,0,0,0,0,0,0,0,0,0,1,0,0,0,1
18,2,0,2,52,0,0,0,0,0,0,0,0,0,1,0,0,0,1
1,5,2,7,55,0,0,0,0,0,0,0,0,0,1,0,0,0,1
1705,3,2,5,56,0,0,0,0,0,0,0,0,0,1,0,0,0,1
15779,3,2,5,57,0,0,0,0,0,0,0,0,0,1,0,0,0,1
3688,8,8,16,57,0,0,0,0,0,0,0,0,0,1,0,0,0,1
0,30,0,30,30,0,0,0,0,0,0,0,0,0,1,0,0,0,1
714,1,1,2,30,0,0,0,0,0,0,0,0,0,1,0,0,0,1
4418,1,1,2,30,0,0,0,0,0,0,0,0,0,1,0,0,0,1
14016,35,24,59,41,0,0,0,0,0,0,0,0,0,1,0,0,0,1
239,2,0,2,43,0,0,0,0,0,0,0,0,0,1,0,0,0,1
1705,3,2,5,44,0,0,0,0,0,0,0,0,0,1,0,0,0,1
15779,3,2,5,45,0,0,0,0,0,0,0,0,0,1,0,0,0,1
3688,8,8,16,45,0,0,0,0,0,0,0,0,0,1,0,0,0,1
0,237,0,237,237,0,0,0,0,0,0,0,0,1,1,0,0,0,1
3959,93,39,132,291,0,0,0,0,0,0,0,0,1,1,0,0,0,1
457,0,291,291,291,0,0,0,0,0,0,0,0,0,0,0,0,0,0
0,1966,0,1966,1966,0,0,0,0,1,0,0,1,1,1,0,0,0,1
3959,0,1966,1966,1966,0,0,0,0,0,0,0,0,0,0,0,0,0,0
0,3,0,3,3,0,0,0,0,0,0,0,0,0,0,0,0,0,0
4416,0,3,3,3,0,0,0,0,0,0,0,0,0,0,0,0,0,0
0,632,0,632,632,0,0,0,0,1,0,0,1,0,1,0,0,0,1
3959,95,35,130,692,0,0,0,0,1,0,0,1,0,1,0,0,0,1
457,0,692,692,692,0,0,0,0,0,0,0,0,0,0,0,0,0,0
0,1367,0,1367,1367,0,0,0,0,1,0,0,0,0,1,0,0,0,1
3959,0,1367,1367,1367,0,0,0,0,0,0,0,0,0,0,0,0,0,0
0,183,0,183,183,0,0,0,0,0,0,0,1,0,1,0,0,0,1
3959,3,1,4,185,0,0,0,0,0,0,0,1,0,1,0,0,0,1
457,0,185,185,185,0,0,0,0,0,0,0,0,0,0,0,0,0,0
0,99,0,99,99,0,0,0,0,0,0,0,0,0,1,0,0,0,1
4416,0,99,99,99,0,0,0,0,0,0,0,0,0,0,0,0,0,0
0,6,0,6,6,0,0,0,0,0,0,0,0,0,1,0,0,0,1
4416,0,6,6,6,0,0,0,0,0,0,0,0,0,0,0,0,0,0
0,38,0,38,38,0,0,0,0,0,0,0,0,1,1,0,0,0,1
4416,0,38,38,38,0,0,0,0,0,0,0,0,0,0,0,0,0,0
0,21,0,21,21,0,0,0,0,0,0,0,0,0,0,0,0,0,0
4416,0,21,21,21,0,0,0,0,0,0,0,0,0,0,0,0,0,0
0,14,0,14,14,0,0,0,0,0,0,0,0,0,0,0,0,0,0
4416,0,14,14,14,0,0,0,0,0,0,0,0,0,0,0,0,0,0
0,48,0,48,48,0,0,0,0,0,0,0,0,0,0,0,0,0,0
4416,0,48,48,48,0,0,0,0,0,0,0,0,0,0,0,0,0,0
0,15,0,15,15,0,0,0,0,0,0,0,0,0,0,0,0,0,0
4416,0,15,15,15,0,0,0,0,0,0,0,0,0,0,0,0,0,0
0,18,0,18,18,0,0,0,0,0,0,0,0,0,0,0,0,0,0
4416,0,18,18,18,0,0,0,0,0,0,0,0,0,0,0,0,0,0
0,13,0,13,13,0,0,0,0,0,0,0,0,0,0,0,0,0,0
4416,0,13,13,13,0,0,0,0,0,0,0,0,0,0,0,0,0,0
0,13,0,13,13,0,0,0,0,0,0,0,0,0,1,0,0,0,1
4416,0,13,13,13,0,0,0,0,0,0,0,0,0,0,0,0,0,0
0,7,0,7,7,0,0,0,0,0,0,0,0,0,0,0,0,0,0
4416,0,7,7,7,0,0,0,0,0,0,0,0,0,0,0,0,0,0
0,12,0,12,12,0,0,0,0,0,0,0,0,0,1,0,0,0,1
3959,11,0,11,23,0,0,0,0,0,0,0,0,0,1,0,0,0,1
457,0,23,23,23,0,0,0,0,0,0,0,0,0,0,0,0,0,0
0,27,0,27,27,0,0,0,0,0,0,0,0,0,0,0,0,0,0
4416,0,27,27,27,0,0,0,0,0,0,0,0,0,0,0,0,0,0
0,34,0,34,34,0,0,0,0,0,0,0,0,0,1,0,0,0,1
4416,0,34,34,34,0,0,0,0,0,0,0,0,0,0,0,0,0,0
0,38,0,38,38,0,0,0,0,0,0,0,0,0,1,0,0,0,1
4416,0,38,38,38,0,0,0,0,0,0,0,0,0,0,0,0,0,0
0,35,0,35,35,0,0,0,0,0,0,0,0,0,1,0,0,0,1
4416,0,35,35,35,0,0,0,0,0,0,0,0,0,0,0,0,0,0
0,24,0,24,24,0,0,0,0,0,0,0,0,0,1,0,0,0,1
4416,0,24,24,24,0,0,0,0,0,0,0,0,0,0,0,0,0,0
0,30,0,30,30,0,0,0,0,0,0,0,0,0,0,0,0,0,0
4416,0,30,30,30,0,0,0,0,0,0,0,0,0,0,0,0,0,0
0,7,0,7,7,0,0,0,0,0,0,0,0,0,0,0,0,0,0
4416,0,7,7,7,0,0,0,0,0,0,0,0,0,0,0,0,0,0
0,14,0,14,14,0,0,0,0,0,0,0,0,0,1,0,0,0,1
4416,0,14,14,14,0,0,0,0,0,0,0,0,0,0,0,0,0,0
0,93,0,93,93,0,0,0,0,0,0,0,0,0,1,0,0,0,1
4416,0,93,93,93,0,0,0,0,0,0,0,0,0,0,0,0,0,0
0,18,0,18,18,0,0,0,0,0,0,0,0,0,0,0,0,0,0
4416,0,18,18,18,0,0,0,0,0,0,0,0,0,0,0,0,0,0
0,121,0,121,121,0,0,0,0,0,0,0,0,1,1,0,0,0,1
4416,0,121,121,121,0,0,0,0,0,0,0,0,0,0,0,0,0,0
0,111,0,111,111,0,0,0,0,0,0,0,0,1,1,0,0,0,1
3959,13,4,17,120,0,0,0,0,0,0,0,0,1,1,0,0,0,1
457,0,120,120,120,0,0,0,0,0,0,0,0,0,0,0,0,0,0
0,107,0,107,107,0,0,0,0,0,0,0,0,1,1,0,0,0,1
3959,14,4,18,117,0,0,0,0,0,0,0,0,1,1,0,0,0,1
457,0,117,117,117,0,0,0,0,0,0,0,0,0,0,0,0,0,0
0,7,0,7,7,0,0,0,0,0,0,0,0,0,0,0,0,0,0
4416,0,7,7,7,0,0,0,0,0,0,0,0,0,0,0,0,0,0
0,104,0,104,104,0,0,0,0,0,0,0,0,0,1,0,0,0,1
3959,10,1,11,113,0,0,0,0,0,0,0,0,0,1,0,0,0,1
457,0,113,113,113,0,0,0,0,0,0,0,0,0,0,0,0,0,0
0,55,0,55,55,0,0,0,0,0,0,0,0,0,0,0,0,0,0
4416,0,55,55,55,0,0,0,0,0,0,0,0,0,0,0,0,0,0
0,79,0,79,79,0,0,0,0,0,0,0,0,1,1,0,0,0,1
4418,1,1,2,79,0,0,0,0,0,0,0,0,1,1,0,0,0,1
5460,8,0,8,87,0,0,0,0,0,0,0,0,1,1,0,0,0,1
6057,1,1,2,87,0,0,0,0,0,0,0,0,1,1,0,0,0,1
190,9,0,9,96,0,0,0,0,0,0,0,0,1,1,0,0,0,1
1354,1,9,10,88,0,0,0,0,0,0,0,0,1,1,0,0,0,1
956,80,83,163,85,0,0,0,0,0,0,0,0,1,1,0,0,0,1
238,2,0,2,87,0,0,0,0,0,0,0,0,1,1,0,0,0,1
0,13,13,26,87,0,0,0,0,0,0,0,0,1,1,0,0,0,1
0,8,8,16,87,0,0,0,0,0,0,0,0,1,1,0,0,0,1
0,2,1,3,88,0,0,0,0,0,0,0,0,1,1,0,0,0,1
0,2,1,3,89,0,0,0,0,0,0,0,0,1,1,0,0,0,1
0,5,4,9,90,0,0,0,0,0,0,0,0,1,1,0,0,0,1
179,19,11,30,98,0,0,0,0,0,0,0,0,1,1,0,0,0,1
1526,3,2,5,99,0,0,0,0,0,1,0,0,1,1,0,0,0,1
260,4,4,8,99,0,0,0,0,0,1,0,0,1,1,0,0,0,1
4692,3,0,3,102,0,0,0,0,0,1,0,0,1,1,0,0,0,1
10827,5,5,10,102,0,0,0,0,0,1,0,0,1,1,0,0,0,1
3688,31,32,63,101,0,0,0,0,0,1,0,0,1,1,0,0,0,1
0,52,0,52,52,0,0,0,0,0,0,0,0,0,1,0,0,0,1
4094,1,1,2,52,0,0,0,0,0,0,0,0,0,1,0,0,0,1
268,6,16,22,42,0,0,0,0,0,0,0,0,0,1,0,0,0,1
13853,32,25,57,49,0,0,0,0,0,0,0,0,0,0,0,0,0,0
134,2,0,2,51,0,0,0,0,0,0,0,0,0,0,0,0,0,0
0,2,2,4,51,0,0,0,0,0,0,0,0,0,0,0,0,0,0
1,1,1,2,51,0,0,0,0,0,0,0,0,0,0,0,0,0,0
1964,2,2,4,51,0,0,0,0,0,0,0,0,0,0,0,0,0,0
0,5,3,8,53,0,0,0,0,0,0,0,0,0,0,0,0,0,0
15519,6,4,10,55,0,0,0,0,0,0,0,0,0,1,0,0,0,1
3688,13,13,26,55,0,0,0,0,0,0,0,0,0,1,0,0,0,1
0,66,0,66,66,0,0,0,0,0,0,0,0,0,1,0,0,0,1
1053,1,1,2,66,0,0,0,0,0,0,0,0,0,1,0,0,0,1
287,10,2,12,74,0,0,0,0,0,0,0,0,0,1,0,0,0,1
458,77,28,105,123,0,0,0,0,0,0,0,0,0,1,0,0,0,1
656,20,0,20,143,0,0,0,0,0,0,0,0,0,1,0,0,0,1
2077,20,0,20,163,0,0,0,0,0,0,0,0,0,1,0,0,0,1
2210,28,0,28,191,0,0,0,0,0,0,0,0,0,1,0,0,0,1
8320,157,167,324,181,0,0,0,0,0,0,0,0,1,1,0,0,0,1
178,1,1,2,181,0,0,0,0,0,0,0,0,1,1,0,0,0,1
69,2,0,2,183,0,0,0,0,0,0,0,0,1,1,0,0,0,1
0,48,48,96,183,0,0,0,0,0,0,0,0,1,1,0,0,0,1
0,5,5,10,183,0,0,0,0,0,0,0,0,1,1,0,0,0,1
0,3,3,6,183,0,0,0,0,0,0,0,0,1,1,0,0,0,1
0,1,0,1,184,0,0,0,0,0,0,0,0,1,1,0,0,0,1
1964,3,2,5,185,0,0,0,0,0,0,0,0,1,1,0,0,0,1
758,41,33,74,193,0,0,0,0,0,0,0,0,1,1,0,0,0,1
769,0,2,2,191,0,0,0,0,0,0,0,0,1,1,0,0,0,1
195,1,1,2,191,0,0,0,0,0,0,0,0,1,1,0,0,0,1
24,25,2,27,214,0,0,0,0,0,0,0,0,1,1,0,0,0,1
13774,12,11,23,215,0,0,0,0,0,0,0,0,1,1,0,0,0,1
3688,38,32,70,221,0,0,0,0,0,0,0,0,1,1,0,0,0,1
0,69,0,69,69,0,0,0,1,0,0,0,0,0,1,0,0,0,1
1053,1,1,2,69,0,0,0,1,0,0,0,0,0,1,0,0,0,1
4033,1,1,2,69,0,0,0,1,0,0,0,0,0,1,0,0,0,1
2726,1,1,2,69,0,0,0,1,0,0,0,0,0,1,0,0,0,1
27,40,10,50,99,0,0,0,1,0,0,0,0,0,1,0,0,0,1
7224,122,62,184,159,0,0,0,0,0,0,0,0,0,1,0,0,0,1
246,2,0,2,161,0,0,0,0,0,0,0,0,0,1,0,0,0,1
1,3,2,5,162,0,0,0,0,0,0,0,0,0,1,0,0,0,1
1964,3,2,5,163,0,0,0,0,0,0,0,0,0,1,0,0,0,1
6539,84,15,99,232,0,0,0,0,0,0,0,0,0,1,0,0,0,1
8981,6,5,11,233,0,0,0,0,0,0,0,0,0,1,0,0,0,1
3688,55,56,111,232,0,0,0,0,0,0,0,0,0,1,0,0,0,1
0,39,0,39,39,0,0,0,0,0,0,0,0,0,1,0,0,0,1
457,0,39,39,39,0,0,0,0,0,0,0,0,0,0,0,0,0,0
0,17,0,17,16,0,0,0,0,0,0,0,0,0,0,0,0,0,0
457,0,17,17,17,0,0,0,0,0,0,0,0,0,0,0,0,0,0
0,75,0,75,75,0,0,0,0,0,0,0,0,1,1,0,0,0,1
457,0,75,75,75,0,0,0,0,0,0,0,0,0,0,0,0,0,0
0,121,0,121,121,0,0,0,0,0,0,0,0,1,1,0,0,0,1
457,0,121,121,121,0,0,0,0,0,0,0,0,0,0,0,0,0,0
0,33,0,33,32,0,0,0,0,0,0,0,0,0,0,0,0,0,0
2,1,1,2,32,0,0,0,0,0,0,0,0,0,0,0,0,0,0
13,1,1,2,32,0,0,0,0,0,0,0,0,0,0,0,0,0,0
38,1,1,2,32,0,0,0,0,0,0,0,0,0,0,0,0,0,0
5408,8,0,8,40,0,0,0,0,0,0,0,0,0,0,0,0,0,0
8558,39,21,60,59,0,0,0,0,0,0,0,0,0,0,0,0,0,0
0,0,0,0,59,0,0,0,0,0,0,0,0,0,0,0,0,0,0
219,0,8,8,51,0,0,0,0,0,0,0,0,0,0,0,0,0,0
18,2,0,2,53,0,0,0,0,0,0,0,0,0,0,0,0,0,0
1705,3,2,5,54,0,0,0,0,0,0,0,0,0,0,0,0,0,0
15779,3,2,5,55,0,0,0,0,0,0,0,0,0,1,0,0,0,1
3688,13,13,26,55,0,0,0,0,0,0,0,0,0,1,0,0,0,1
0,112,0,112,112,0,0,0,0,0,0,0,0,0,1,0,0,0,1
0,7,3,10,116,0,0,0,1,0,0,0,0,0,1,0,0,0,1
1748,14,12,26,118,0,0,0,1,0,0,0,0,0,1,0,0,0,1
13,4,0,4,122,0,0,0,1,0,0,0,0,0,1,0,0,0,1
47,1,1,2,122,0,0,0,1,0,0,0,0,0,1,0,0,0,1
1156,7,1,8,128,0,0,0,1,0,0,0,0,0,1,0,0,0,1
0,1,0,1,129,0,0,0,1,0,0,0,0,0,1,0,0,0,1
0,0,1,1,128,0,0,0,1,0,0,0,0,0,1,0,0,0,1
0,2,1,3,129,0,0,0,0,0,0,0,0,0,1,0,0,0,1
0,6,0,6,135,0,0,0,0,0,0,0,0,0,1,0,0,0,1
0,36,36,72,138,0,0,0,0,0,0,0,0,0,1,0,0,0,1
0,13,11,24,140,0,0,0,0,0,0,0,0,0,1,0,0,0,1
0,1,3,4,138,0,0,0,0,0,0,0,0,0,1,0,0,0,1
0,3,4,7,137,0,0,0,0,0,0,0,0,0,1,0,0,0,1
0,35,32,67,140,0,0,0,0,0,0,0,0,0,1,0,0,0,1
0,1,1,2,137,0,0,0,0,0,0,0,0,0,1,0,0,0,1
1,4,1,5,138,0,0,0,0,0,0,0,0,0,1,0,0,0,1
1,2,0,2,142,0,0,0,0,0,0,0,0,0,1,0,0,0,1
22,52,25,77,169,0,0,0,0,0,0,0,0,0,1,0,0,0,1
2,11,7,18,173,0,0,0,0,0,0,0,0,0,1,0,0,0,1
94,14,0,14,187,0,0,0,0,0,0,0,0,0,1,0,0,0,1
51,2,2,4,187,0,0,0,0,0,0,0,0,0,1,0,0,0,1
18,1,0,1,188,0,0,0,0,0,0,0,0,0,1,0,0,0,1
0,7,1,8,193,0,0,0,0,0,0,0,0,0,1,0,0,0,1
22,28,7,35,215,0,0,0,0,0,0,0,0,0,1,0,0,0,1
3,12,11,23,216,0,0,0,0,0,0,0,0,0,1,0,0,0,1
99,79,35,114,260,0,0,0,0,0,0,0,1,0,1,0,0,0,1
0,19,0,19,279,0,0,0,0,0,0,0,1,0,1,0,0,0,1
0,10,0,10,289,0,0,0,0,0,0,0,1,0,1,0,0,0,1
0,2,2,4,289,0,0,0,0,0,0,0,1,0,1,0,0,0,1
1,11,6,17,294,0,0,0,0,0,0,0,1,0,1,0,0,0,1
0,3,1,4,296,0,0,0,0,0,0,0,1,0,1,0,0,0,1
28,5,2,7,299,0,0,0,0,0,0,0,1,0,1,0,0,0,1
0,3,1,4,301,0,0,0,0,0,0,0,1,0,1,0,0,0,1
0,2,1,3,302,0,0,0,0,0,0,0,1,0,1,0,0,0,1
60,0,3,3,299,0,0,0,0,0,0,0,1,0,1,0,0,0,1
54,1,1,2,299,0,0,0,0,0,0,0,1,0,1,0,0,0,1
45,20,9,29,310,0,0,0,0,0,0,0,1,0,1,0,0,0,1
2,9,1,10,318,0,0,0,0,0,0,0,1,0,1,0,0,0,1
0,11,7,18,322,0,0,0,0,0,0,0,1,0,1,0,0,0,1
1,5,5,10,322,0,0,0,0,0,0,0,1,0,1,0,0,0,1
0,15,13,28,324,0,0,0,0,0,0,0,1,0,1,0,0,0,1
0,3,11,14,316,0,0,0,0,0,0,0,1,0,1,0,0,0,1
65,9,4,13,321,0,0,0,0,0,0,0,1,0,1,0,0,0,1
0,5,0,5,326,0,0,0,0,0,0,0,1,0,1,0,0,0,1
862,5,1,6,330,0,0,0,0,0,0,0,1,0,1,0,0,0,1
4,17,0,17,347,0,0,0,0,0,0,0,1,0,1,0,0,0,1
0,5,0,5,352,0,0,0,0,0,0,0,1,0,1,0,0,0,1
124,9,2,11,359,0,0,0,0,0,0,0,1,0,1,0,0,0,1
249,1,1,2,359,0,0,0,0,0,0,0,1,0,1,0,0,0,1
0,2,2,4,359,0,0,0,0,0,0,0,1,0,1,0,0,0,1
256,5,0,5,364,0,0,0,0,0,0,0,1,0,1,0,0,0,1
0,2,2,4,364,0,0,0,0,0,0,0,1,0,1,0,0,0,1
1,16,20,36,360,0,0,0,0,0,0,0,1,0,1,0,0,0,1
596,4,4,8,360,0,0,0,0,0,0,0,1,0,1,0,0,0,1
146,79,60,139,379,0,0,0,0,0,0,0,1,0,1,0,0,0,1
502,2,2,4,379,0,0,0,0,0,0,0,1,0,1,0,0,0,1
359,1,0,1,380,0,0,0,0,0,0,0,1,0,1,0,0,0,1
187,8,0,8,388,0,0,0,0,0,0,0,1,0,1,0,0,0,1
220,4,2,6,382,0,0,0,0,0,0,0,1,0,1,0,0,0,1
1,10,0,10,400,0,0,0,0,0,0,0,1,1,1,0,0,0,1
3,6,0,6,406,0,0,0,0,0,0,0,1,1,1,0,0,0,1
1,1,0,1,407,0,0,0,0,0,0,0,1,1,1,0,0,0,1
257,1,0,1,408,0,0,0,0,0,0,0,1,1,1,0,0,0,1
0,1,0,1,409,0,0,0,0,0,0,0,1,1,1,0,0,0,1
0,1,0,1,410,0,0,0,0,0,0,0,1,1,1,0,0,0,1
3,18,5,23,423,0,0,0,0,0,0,0,1,1,1,0,0,0,1
190,1,0,1,424,0,0,0,0,0,0,0,1,1,1,0,0,0,1
75,167,167,334,424,0,0,0,0,0,0,0,1,1,1,0,0,0,1
0,3,6,9,421,0,0,0,0,0,0,0,1,1,1,0,0,0,1
2,4,1,5,424,0,0,0,0,0,0,0,1,1,1,0,0,0,1
0,1,1,2,424,0,0,0,0,0,0,0,1,1,1,0,0,0,1
3,4,2,6,426,0,0,0,0,0,0,0,1,1,1,0,0,0,1
258,3,1,4,428,0,0,0,0,0,0,0,1,1,1,0,0,0,1
1,7,1,8,434,0,0,0,0,0,0,0,1,1,1,0,0,0,1
22,7,1,8,440,0,0,0,0,0,0,0,1,1,1,0,0,0,1
0,1,1,2,440,0,0,0,0,0,0,0,1,1,1,0,0,0,1
30,1,0,1,441,0,0,0,0,0,0,0,1,1,1,0,0,0,1
183,2,1,3,441,0,0,0,0,0,0,0,1,1,1,0,0,0,1
9,7,2,9,446,0,0,0,0,0,0,0,1,1,1,0,0,0,1
97,5,5,10,447,0,0,0,0,0,0,0,1,1,1,0,0,0,1
207,11,3,14,455,0,0,0,0,0,0,0,1,1,1,0,0,0,1
1,1,1,2,468,0,0,0,0,0,0,0,1,1,1,0,0,0,1
1,8,1,9,454,0,0,0,0,0,0,0,1,1,1,0,0,0,1
116,47,42,89,467,0,0,0,0,0,0,0,1,1,1,0,0,0,1
0,2,2,4,467,0,0,0,0,0,0,0,1,1,1,0,0,0,1
0,139,139,278,467,0,0,0,0,0,0,0,1,1,1,0,0,0,1
29,1,0,1,468,0,0,0,0,0,0,0,1,1,1,0,0,0,1
142,3,1,4,470,0,0,0,0,0,0,0,1,1,1,0,0,0,1
0,1,1,2,468,0,0,0,0,0,0,0,1,1,1,0,0,0,1
91,5,1,6,474,0,0,0,0,0,0,0,1,1,1,0,0,0,1
357,28,9,37,493,0,0,0,0,0,0,0,1,1,1,0,0,0,1
315,5,6,11,473,0,0,0,0,0,0,0,1,1,1,0,0,0,1
2,2,1,3,474,0,0,0,0,0,0,0,1,1,1,0,0,0,1
173,6,1,7,479,0,0,0,0,0,0,0,1,1,1,0,0,0,1
0,1,1,2,479,0,0,0,0,0,0,0,1,1,1,0,0,0,1
2,1,0,1,475,0,0,0,0,0,0,0,1,1,1,0,0,0,1
1,26,11,37,495,0,0,0,0,0,0,0,1,1,1,0,0,0,1
0,11,0,11,506,0,0,0,0,0,0,0,1,1,1,0,0,0,1
414,56,0,56,562,0,0,0,0,0,0,0,1,1,1,0,0,0,1
0,0,8,8,554,0,0,0,0,0,0,0,1,1,1,0,0,0,1
13,34,48,82,540,0,0,0,0,0,0,0,1,1,1,0,0,0,1
0,51,4,55,587,0,0,0,0,0,0,0,1,1,1,0,0,0,1
11,1,4,5,584,0,0,0,0,0,0,0,1,1,1,0,0,0,1
0,9,6,15,587,0,0,0,0,0,0,0,1,1,1,0,0,0,1
0,6,2,8,591,0,0,0,0,0,0,0,1,1,1,0,0,0,1
51,8,2,10,597,0,0,0,0,0,0,0,1,1,1,0,0,0,1
0,0,2,2,595,0,0,0,0,0,0,0,1,1,1,0,0,0,1
19,13,11,24,597,0,0,0,0,0,0,0,1,1,1,0,0,0,1
0,2,0,2,599,0,0,0,0,0,0,0,1,1,1,0,0,0,1
242,3,3,6,610,0,0,0,0,0,0,0,1,1,1,0,0,0,1
116,2,2,4,618,0,0,0,0,0,0,0,1,1,1,0,0,0,1
65,5,2,7,621,0,0,0,0,0,0,0,1,1,1,0,0,0,1
180,5,1,6,625,0,0,0,0,0,0,0,1,1,1,0,0,0,1
83,4,4,8,625,0,0,0,0,0,0,0,1,1,1,0,0,0,1
26,4,4,8,625,0,0,0,0,0,0,0,1,1,1,0,0,0,1
285,7,1,8,631,0,0,0,0,0,0,0,1,1,1,0,0,0,1
1,34,38,72,627,0,0,0,0,0,0,0,1,1,1,0,0,0,1
0,2,1,3,628,0,0,0,0,0,0,0,1,1,1,0,0,0,1
68,14,2,16,640,0,0,0,0,0,0,0,1,1,1,0,0,0,1
3,7,1,8,646,0,0,0,0,0,0,0,1,1,1,0,0,0,1
95,7,1,8,634,0,0,0,0,0,0,0,1,1,1,0,0,0,1
442,10,5,15,678,0,0,0,0,0,0,0,1,1,1,0,0,0,1
1,5,2,7,681,0,0,0,0,0,0,0,1,1,1,0,0,0,1
18,15,1,16,666,0,0,0,0,0,0,0,1,1,1,0,0,0,1
21,4,1,5,669,0,0,0,0,0,0,0,1,1,1,0,0,0,1
374,4,0,4,656,0,0,0,0,0,0,0,1,1,1,0,0,0,1
5,5,0,5,678,0,0,0,0,0,0,0,1,1,1,0,0,0,1
37,1,0,1,687,0,0,0,0,0,0,0,1,1,1,0,0,0,1
52,19,16,35,681,0,0,0,0,0,0,0,1,1,1,0,0,0,1
127,191,193,384,679,0,0,0,0,0,0,0,1,1,1,0,0,0,1
0,54,42,96,700,0,0,0,0,0,0,0,1,1,1,0,0,0,1
0,20,14,34,706,0,0,0,0,0,0,0,1,1,1,0,0,0,1
0,15,13,28,708,0,0,0,0,0,0,0,1,1,1,0,0,0,1
0,31,28,59,711,0,0,0,0,0,0,0,1,1,1,0,0,0,1
1,47,30,77,728,0,0,0,0,0,0,0,1,1,1,0,0,0,1
0,1,1,2,728,0,0,0,0,0,0,0,1,1,1,0,0,0,1
0,4,3,7,729,0,0,0,0,0,0,0,1,1,1,0,0,0,1
4,5,1,6,733,0,0,0,0,0,0,0,1,1,1,0,0,0,1
0,1,1,2,733,0,0,0,0,0,0,0,1,1,1,0,0,0,1
7,7,6,13,734,0,0,0,0,0,0,0,1,1,1,0,0,0,1
1,7,4,11,737,0,0,0,0,0,0,0,1,1,1,0,0,0,1
0,13,8,21,742,0,0,0,0,0,0,0,1,1,1,0,0,0,1
0,13,4,17,742,0,0,0,0,0,0,0,1,1,1,0,0,0,1
0,2,3,5,741,0,0,0,0,0,0,0,1,1,1,0,0,0,1
15,1,1,2,742,0,0,0,0,0,0,0,1,1,1,0,0,0,1
4,21,14,35,749,0,0,0,0,0,0,0,1,1,1,0,0,0,1
4,3,3,6,741,0,0,0,0,0,0,0,1,1,1,0,0,0,1
1,32,18,50,755,0,0,0,0,0,0,0,1,1,1,0,0,0,1
16,1,1,2,755,0,0,0,0,0,0,0,1,1,1,0,0,0,1
12,4,4,8,755,0,0,0,0,0,0,0,1,1,1,0,0,0,1
7,1,1,2,771,0,0,0,0,0,0,0,1,1,1,0,0,0,1
88,1,0,1,772,0,0,0,0,0,0,0,1,1,1,0,0,0,1
4,27,0,27,799,0,0,0,0,0,0,0,1,1,1,0,0,0,1
1,14,8,22,778,0,0,0,0,0,0,0,1,1,1,0,0,0,1
0,2,1,3,779,0,0,0,0,0,0,0,1,1,1,0,0,0,1
0,28,20,48,807,0,0,0,0,0,0,0,1,1,1,0,0,0,1
0,5,15,20,804,0,0,0,0,0,0,0,1,1,1,0,0,0,1
21,1,1,2,804,0,0,0,0,0,0,0,1,1,1,0,0,0,1
11,1,1,2,804,0,0,0,0,0,0,0,1,1,1,0,0,0,1
17,4,1,5,807,0,0,0,0,0,0,0,1,1,1,0,0,0,1
18,10,8,18,809,0,0,0,0,0,0,0,1,1,1,0,0,0,1
28,5,6,11,808,0,0,0,0,0,0,0,1,1,1,0,0,0,1
46,61,10,71,859,0,0,0,0,0,0,0,1,1,1,0,0,0,1
2,19,4,23,874,0,0,0,0,0,0,0,1,1,1,0,0,0,1
23,1,0,1,875,0,0,0,0,0,0,0,1,1,1,0,0,0,1
0,4,4,8,875,0,0,0,0,0,0,0,1,1,1,0,0,0,1
170,2,1,3,876,0,0,0,0,0,0,0,1,1,1,0,0,0,1
41,11,11,22,875,0,0,0,0,0,0,0,1,1,1,0,0,0,1
59,1,1,2,876,0,0,0,0,0,0,0,1,1,1,0,0,0,1
1,1,0,1,877,0,0,0,0,0,0,0,1,1,1,0,0,0,1
16,82,4,86,1063,0,0,0,0,0,0,0,1,1,1,0,0,0,1
212,1,1,2,875,0,0,0,0,0,0,0,1,1,1,0,0,0,1
87,2,2,4,877,0,0,0,0,0,0,0,1,1,1,0,0,0,1
173,2,2,4,877,0,0,0,0,0,0,0,1,1,1,0,0,0,1
102,10,10,20,877,0,0,0,0,0,0,0,1,1,1,0,0,0,1
0,43,0,43,920,0,0,0,0,0,0,0,1,1,1,0,0,0,1
3,4,12,16,912,0,0,0,0,0,0,0,1,1,1,0,0,0,1
0,1,0,1,913,0,0,0,0,0,0,0,1,1,1,0,0,0,1
146,1,1,2,913,0,0,0,0,0,0,0,1,1,1,0,0,0,1
210,2,2,4,913,0,0,0,0,0,0,0,1,1,1,0,0,0,1
0,2,0,2,915,0,0,0,0,0,0,0,1,1,1,0,0,0,1
1,13,3,16,925,0,0,0,0,0,0,0,1,1,1,0,0,0,1
70,7,4,11,916,0,0,0,0,0,0,0,1,1,1,0,0,0,1
0,1,1,2,916,0,0,0,0,0,0,0,1,1,1,0,0,0,1
118,7,4,11,919,0,0,0,0,0,0,0,1,1,1,0,0,0,1
102,5,3,8,921,0,0,0,0,0,0,0,1,1,1,0,0,0,1
166,31,0,31,944,0,0,0,0,0,0,0,1,1,1,0,0,0,1
0,4,0,4,954,0,0,0,0,0,0,0,1,1,1,0,0,0,1
0,4,4,8,954,0,0,0,0,0,0,0,1,1,1,0,0,0,1
114,1,1,2,954,0,0,0,0,0,0,0,1,1,1,0,0,0,1
435,1,1,2,954,0,0,0,0,0,0,0,1,1,1,0,0,0,1
7,13,13,26,956,0,0,0,0,0,0,0,1,1,1,0,0,0,1
48,1,1,2,956,0,0,0,0,0,0,0,1,1,1,0,0,0,1
35,15,0,15,971,0,0,0,0,0,0,0,1,1,1,0,0,0,1
180,1,1,2,971,0,0,0,0,0,0,0,1,1,1,0,0,0,1
255,4,1,5,974,0,0,0,0,0,0,0,1,1,1,0,0,0,1
240,1,1,2,974,0,0,0,0,0,0,0,1,1,1,0,0,0,1
26,2,1,3,975,0,0,0,0,0,0,0,1,1,1,0,0,0,1
4,0,2,2,973,0,0,0,0,0,0,0,1,1,1,0,0,0,1
1,4,1,5,976,0,0,0,0,0,0,0,1,1,1,0,0,0,1
5,1,0,1,975,0,0,0,0,0,0,0,1,1,1,0,0,0,1
47,0,1,1,973,0,0,0,0,0,0,0,1,1,1,0,0,0,1
0,1,0,1,974,0,0,0,0,0,0,0,1,1,1,0,0,0,1
42,0,2,2,973,0,0,0,0,0,0,0,1,1,1,0,0,0,1
401,3,0,3,1070,0,0,0,0,0,0,0,1,1,1,0,0,0,1
9,21,9,30,1082,0,0,0,0,0,0,0,1,1,1,0,0,0,1
0,4,4,8,1082,0,0,0,0,0,0,0,1,1,1,0,0,0,1
2,4,2,6,1084,0,0,0,0,0,0,0,1,1,1,0,0,0,1
7,1,1,2,974,0,0,0,0,0,0,0,1,1,1,0,0,0,1
328,1,1,2,1067,0,0,0,0,0,0,0,1,1,1,0,0,0,1
452,14,3,17,1078,0,0,0,0,0,0,0,1,1,1,0,0,0,1
0,2,2,4,1095,0,0,0,0,0,0,0,1,1,1,0,0,0,1
285,1,1,2,1095,0,0,0,0,0,0,0,1,1,1,0,0,0,1
39,1,0,1,1096,0,0,0,0,0,0,0,1,1,1,0,0,0,1
130,1,1,2,1095,0,0,0,0,0,0,0,1,1,1,0,0,0,1
2,1,1,2,1096,0,0,0,0,0,0,0,1,1,1,0,0,0,1
179,7,2,9,1101,0,0,0,0,0,0,0,1,1,1,0,0,0,1
349,112,14,126,1228,0,0,0,0,0,0,0,1,1,1,0,0,0,1
73,13,4,17,1105,0,0,0,0,0,0,0,1,1,1,0,0,0,1
69,11,2,13,1114,0,0,0,0,0,0,0,1,1,1,0,0,0,1
312,3,2,5,1111,0,0,0,0,0,0,0,1,1,1,0,0,0,1
51,2,0,2,1113,0,0,0,0,0,0,0,1,1,1,0,0,0,1
48,1,0,1,1114,0,0,0,0,0,0,0,1,1,1,0,0,0,1
88,2,2,4,1114,0,0,0,0,0,0,0,1,1,1,0,0,0,1
30,1,1,2,1123,0,0,0,0,0,0,0,1,1,1,0,0,0,1
74,4,1,5,1126,0,0,0,0,0,0,0,1,1,1,0,0,0,1
0,1,1,2,1126,0,0,0,0,0,0,0,1,1,1,0,0,0,1
0,33,36,69,1123,0,0,0,0,0,0,0,1,1,1,0,0,0,1
214,4,1,5,1126,0,0,0,0,0,0,0,1,1,1,0,0,0,1
46,4,2,6,1128,0,0,0,0,0,0,0,1,1,1,0,0,0,1
40,1,1,2,1128,0,0,0,0,0,0,0,1,1,1,0,0,0,1
157,12,11,23,1129,0,0,0,0,0,0,0,1,1,1,0,0,0,1
0,0,1,1,1127,0,0,0,0,0,0,0,1,1,1,0,0,0,1
222,1,1,2,1128,0,0,0,0,0,0,0,1,1,1,0,0,0,1
622,3,1,4,1130,0,0,0,0,0,0,0,1,1,1,0,0,0,1
1,13,4,17,1237,0,0,0,0,0,0,0,1,1,1,0,0,0,1
344,1,1,2,1228,0,0,0,0,0,0,0,1,1,1,0,0,0,1
30,1,1,2,1123,0,0,0,0,0,0,0,1,1,1,0,0,0,1
0,0,1,1,1228,0,0,0,0,0,0,0,1,1,1,0,0,0,1
74,8,0,8,1245,0,0,0,0,0,0,0,1,1,1,0,0,0,1
370,2,1,3,1229,0,0,0,0,0,0,0,1,1,1,0,0,0,1
61,1,1,2,1228,0,0,0,0,0,0,0,1,1,1,0,0,0,1
300,4,0,4,1271,0,0,0,0,0,0,0,1,1,1,0,0,1,1
63,8,1,9,1252,0,0,0,0,0,0,0,1,1,1,0,0,0,1
46,1,1,2,1245,0,0,0,0,0,0,0,1,1,1,0,0,0,1
95,19,0,19,1271,0,0,0,0,0,0,0,1,1,1,0,0,0,1
0,1,1,2,1271,0,0,0,0,0,0,0,1,1,1,0,0,0,1
0,1,1,2,1271,0,0,0,0,0,0,0,1,1,1,0,0,0,1
0,4,2,6,1273,0,0,0,0,0,0,0,1,1,1,0,0,0,1
0,2,1,3,1274,0,0,0,0,0,0,0,1,1,1,0,0,0,1
0,1,1,2,1274,0,0,0,0,0,0,0,1,1,1,0,0,0,1
0,1,1,2,1274,0,0,0,0,0,0,0,1,1,1,0,0,0,1
0,4,5,9,1273,0,0,0,0,0,0,0,1,1,1,0,0,0,1
0,0,0,0,1273,0,0,0,0,0,0,0,1,1,1,0,0,0,1
0,5,0,5,1278,0,0,0,0,0,0,0,1,1,1,0,0,0,1
0,1,0,1,1279,0,0,0,0,0,0,0,1,1,1,0,0,0,1
1,1,1,2,1279,0,0,0,0,0,0,0,1,1,1,0,0,0,1
12,1,8,9,1273,0,0,0,0,0,0,0,1,1,1,0,0,0,1
6,1,1,2,1273,0,0,0,0,0,0,0,1,1,1,0,0,0,1
26,0,7,7,1266,0,0,0,0,0,0,0,1,1,1,0,0,0,1
1,3,2,5,1267,0,0,0,0,0,0,0,1,1,1,0,0,0,1
5,1,1,2,1267,0,0,0,0,0,0,0,1,1,1,0,0,0,1
2,5,0,5,1272,0,0,0,0,0,0,0,1,1,1,0,0,0,1
45,221,218,439,1279,0,0,0,0,0,0,0,1,1,1,0,0,0,1
158,1,1,2,1279,0,0,0,0,0,0,0,1,1,1,0,0,1,1
12,5,2,7,1282,0,0,0,0,0,0,0,1,1,1,0,0,0,1
6,33,6,39,1309,0,0,0,0,0,0,0,1,1,1,0,0,0,1
0,10,0,10,1319,0,0,0,0,0,0,0,1,1,1,0,0,0,1
12,3,2,5,1320,0,0,0,0,0,0,0,1,1,1,0,0,0,1
39,9,3,12,1326,0,0,0,0,0,0,0,1,1,1,0,0,0,1
84,2,0,2,1328,0,0,0,0,0,0,0,1,1,1,0,0,0,1
165,3,0,3,1331,0,0,0,0,0,0,0,1,1,1,0,0,0,1
93,3,0,3,1334,0,0,0,0,0,0,0,1,1,1,0,0,0,1
6,2,2,4,1331,0,0,0,0,0,0,0,1,1,1,0,0,0,1
71,1,1,2,1331,0,0,0,0,0,0,0,1,1,1,0,0,0,1
0,7,5,12,1333,0,0,0,0,0,0,0,1,1,1,0,0,0,1
26,49,49,98,1331,0,0,0,0,0,0,0,1,1,1,0,0,0,1
8,1,1,2,1331,0,0,0,0,0,0,0,1,1,1,0,0,0,1
119,6,4,10,1333,0,0,0,0,0,0,0,1,1,1,0,0,0,1
85,21,0,21,1352,0,0,0,0,0,0,0,1,1,1,0,0,1,1
12,1,1,2,1331,0,0,0,0,0,0,0,1,1,1,0,0,0,1
22,1,0,1,1332,0,0,0,0,0,0,0,1,1,1,0,0,0,1
136,1,0,1,1358,0,0,0,0,0,0,0,1,1,1,0,0,0,1
95,5,1,6,1362,0,0,0,0,0,0,0,1,1,1,0,0,0,1
152,1,1,2,1365,0,0,0,0,0,0,0,1,1,1,0,0,0,1
114,2,0,2,1367,0,0,0,0,0,0,0,1,1,1,0,0,0,1
658,1,1,2,1367,0,0,0,0,0,0,0,1,1,1,0,0,0,1
100,9,4,13,1372,0,0,0,0,0,0,0,1,1,1,0,0,0,1
5,5,0,5,1377,0,0,0,0,0,0,0,1,1,1,0,0,0,1
335,4,4,8,1377,0,0,0,0,0,0,0,1,1,1,0,0,0,1
233,1,1,2,1377,0,0,0,0,0,0,0,1,1,1,0,0,0,1
51,1,1,2,1377,0,0,0,0,0,0,0,1,1,1,0,0,0,1
115,9,4,13,1382,0,0,0,0,0,0,0,1,1,1,0,0,0,1
107,5,5,10,1382,0,0,0,0,0,0,0,1,1,1,0,0,0,1
228,10,0,10,1392,0,0,0,0,0,0,0,1,1,1,0,0,0,1
11,1,1,2,1382,0,0,0,0,0,0,0,1,1,1,0,0,0,1
119,2,1,3,1393,0,0,0,0,0,0,0,1,1,1,0,0,0,1
31,3,2,5,1378,0,0,0,0,0,0,0,1,1,1,0,0,0,1
95,86,68,154,1411,0,0,0,0,0,0,0,1,1,1,0,0,0,1
205,5,1268,1273,148,0,0,0,0,0,0,0,0,0,1,0,0,0,1
4,2,2,4,149,0,0,0,0,0,0,0,0,0,1,0,0,0,1
221,0,2,2,147,0,0,0,0,0,0,0,0,0,1,0,0,0,1
1,2,0,2,149,0,0,0,0,0,0,0,0,0,1,0,0,0,1
1142,2,2,4,149,0,0,0,0,0,0,0,0,0,1,0,0,1,1
284,4,3,7,150,0,0,0,0,0,0,0,0,0,1,0,0,0,1
1222,14,8,22,156,0,0,0,0,0,0,0,0,0,1,0,0,0,1
49,3,2,5,157,0,0,0,0,0,0,0,0,0,1,0,0,0,1
92,1,1,2,157,0,0,0,0,0,0,0,0,0,1,0,0,0,1
305,1,1,2,157,0,0,0,0,0,0,0,0,0,1,0,0,0,1
505,3,10,13,150,0,0,0,0,0,0,0,0,0,1,0,0,0,1
2711,21,13,34,158,0,0,0,0,0,0,0,0,0,1,0,0,0,1
218,2,3,5,157,0,0,0,0,0,0,0,0,0,1,0,0,0,1
94,3,2,5,158,0,0,0,0,0,0,0,0,0,1,0,0,0,1
898,11,4,15,165,0,0,0,0,0,0,0,0,0,1,0,0,0,1
42,2,1,3,166,0,0,0,0,0,0,0,0,0,1,0,0,0,1
1390,144,106,250,205,0,0,0,0,0,0,0,0,1,1,0,0,0,1
1,29,35,64,199,0,0,0,0,0,0,0,0,1,1,0,0,0,1
0,1,1,2,199,0,0,0,0,0,0,0,0,1,1,0,0,0,1
89,11,9,20,168,0,0,0,0,0,0,0,0,0,1,0,0,0,1
11,3,4,7,167,0,0,0,0,0,0,0,0,0,1,0,0,0,1
20,10,9,19,200,0,0,0,0,0,0,0,0,1,1,0,0,0,1
28,11,45,56,166,0,0,0,0,0,0,0,0,1,1,0,0,0,1
159,1,1,2,166,0,0,0,0,0,0,0,0,1,1,0,0,0,1
546,12,12,24,166,0,0,0,0,0,0,0,1,1,1,0,0,0,1
41,3,1,4,168,0,0,0,0,0,0,0,1,1,1,0,0,0,1
8,0,1,1,165,0,0,0,0,0,0,0,1,1,1,0,0,0,1
103,2,2,4,167,0,0,0,0,0,0,0,1,1,1,0,0,0,1
0,1,1,2,167,0,0,0,0,0,0,0,1,1,1,0,0,0,1
188,14,6,20,175,0,0,0,0,0,0,0,1,1,1,0,0,0,1
75,2,1,3,176,0,0,0,0,0,0,0,1,1,1,0,0,0,1
94,2,2,4,176,0,0,0,0,0,0,0,1,1,1,0,0,0,1
2062,11,1,12,186,0,0,0,0,0,0,0,1,1,1,0,0,0,1
766,4,5,9,185,0,0,0,0,0,0,0,1,1,1,0,0,0,1
0,14,25,39,174,0,0,0,0,0,0,0,1,1,1,0,0,0,1
52,6,0,6,180,0,0,0,0,0,0,0,1,1,1,0,0,0,1
6,10,35,45,149,0,0,0,0,0,0,0,1,1,1,0,0,0,1
895,1,1,2,155,0,0,0,0,0,0,0,1,1,1,0,0,0,1
49,7,7,14,155,0,0,0,0,0,0,0,1,1,1,0,0,0,1
0,15,6,21,164,0,0,0,0,0,0,0,1,1,1,0,0,0,1
26,56,60,116,160,0,0,0,0,0,0,0,1,0,1,0,0,0,1
49,20,26,46,154,0,0,0,0,0,0,0,1,0,1,0,0,0,1
235,4,5,9,153,0,0,0,0,1,0,0,1,0,1,0,0,0,1
1024,16,9,25,160,0,0,0,0,1,0,0,1,0,1,0,0,0,1
39,14,15,29,159,0,0,0,0,1,0,0,1,0,1,0,0,0,1
411,9,16,25,152,0,0,0,0,1,0,0,1,0,1,0,0,0,1
1290,2,0,2,154,0,0,0,0,1,0,0,1,0,1,0,0,0,1
386,2,0,2,156,0,0,0,0,1,0,0,1,0,1,0,0,0,1
5670,4,4,8,156,0,0,0,0,1,0,0,1,0,1,0,0,0,1
35,1,1,2,156,0,0,0,0,1,0,0,1,0,1,0,0,0,1
25,2,1,3,157,0,0,0,0,1,0,0,1,0,1,0,0,0,1
4430,2,3,5,156,0,0,0,0,1,0,0,1,0,1,0,0,0,1
3626,12,14,26,154,0,0,0,0,1,0,0,1,0,1,0,0,0,1
767,1,0,1,155,0,0,0,0,1,0,0,1,0,1,0,0,0,1
0,13,0,13,12,0,0,0,0,0,0,0,0,0,0,0,0,0,0
5460,11,3,14,21,0,0,0,0,0,0,0,0,0,0,0,0,0,0
1427,0,21,21,21,0,0,0,0,0,0,0,0,0,0,0,0,0,0
0,20,0,20,20,0,0,0,0,0,0,0,0,0,1,0,0,0,1
13434,31,11,42,40,0,0,0,0,0,0,0,0,0,1,0,0,0,1
246,2,0,2,42,0,0,0,0,0,0,0,0,0,1,0,0,0,1
0,1,1,2,42,0,0,0,0,0,0,0,0,0,1,0,0,0,1
1779,13,1,14,54,0,0,0,0,0,0,0,0,0,1,0,0,0,1
186,3,2,5,55,0,0,0,0,0,0,0,0,0,1,0,0,0,1
15519,5,4,9,56,0,0,0,0,0,0,0,0,0,1,0,0,0,1
3688,12,12,24,56,0,0,0,0,0,0,0,0,0,1,0,0,0,1
0,106,0,106,106,0,0,0,0,0,0,0,0,0,1,0,0,1,1
4477,8,0,8,114,0,0,0,0,0,0,0,0,0,1,0,0,0,1
8558,0,0,0,114,0,0,0,0,0,0,0,0,0,1,0,0,0,1
14,34,34,68,114,0,0,0,0,0,0,0,0,0,1,0,0,0,1
205,0,8,8,106,0,0,0,0,0,0,0,0,0,1,0,0,0,1
18,2,0,2,108,0,0,0,0,0,0,0,0,0,1,0,0,0,1
1705,3,2,5,109,0,0,0,0,0,0,0,0,0,1,0,0,0,1
15779,4,3,7,110,0,0,0,0,0,0,0,0,0,1,0,0,0,1
3688,11,11,22,110,0,0,0,0,0,0,0,0,0,1,0,0,0,1
0,9,0,9,9,0,0,0,0,0,0,0,0,0,1,0,0,0,1
205,9,3,12,15,0,0,0,0,0,0,0,0,0,1,0,0,0,1
9,2,2,4,15,0,0,0,0,0,0,0,0,0,1,0,0,0,1
107,1,1,2,15,0,0,0,0,0,0,0,0,0,0,0,0,0,0
12782,21,10,31,26,0,0,0,0,0,0,0,0,0,0,0,0,0,0
59,0,1,1,25,0,0,0,0,0,0,0,0,0,0,0,0,0,0
76,2,0,2,27,0,0,0,0,0,0,0,0,0,0,0,0,0,0
2857,1,1,2,27,0,0,0,0,0,0,0,0,0,0,0,0,0,0
160,45,21,66,51,0,0,0,0,0,0,0,0,0,1,0,0,0,1
0,0,2,2,49,0,0,0,0,0,0,0,0,0,0,0,0,0,0
145,6,6,12,49,0,0,0,0,0,0,0,0,0,0,0,0,0,0
17,37,37,74,49,0,0,0,0,0,0,0,0,0,0,0,0,0,0
17994,2,2,4,49,0,0,0,0,0,0,0,0,0,0,0,0,0,0
0,41,0,41,41,0,0,0,0,0,0,0,0,1,1,0,0,0,1
0,6,1,7,46,0,0,0,0,0,0,0,0,1,1,0,0,0,1
12872,23,14,37,55,0,0,0,0,0,0,0,0,1,1,0,0,0,1
134,2,0,2,57,0,0,0,0,0,0,0,0,1,1,0,0,0,1
1,4,2,6,59,0,0,0,0,0,0,0,0,1,1,0,0,0,1
1704,3,2,5,60,0,0,0,0,0,0,0,0,1,1,0,0,0,1
15779,5,4,9,61,0,0,0,0,0,0,0,0,1,1,0,0,0,1
3688,12,12,24,61,0,0,0,0,0,0,0,0,1,1,0,0,0,1
0,23,0,23,23,0,0,0,0,0,0,0,0,0,1,0,0,0,1
10396,1,1,2,23,0,0,0,0,0,0,0,0,0,1,0,0,0,1
1333,36,18,54,41,0,0,0,0,0,0,0,0,0,1,0,0,0,1
126,9,8,17,42,0,0,0,0,0,0,0,0,0,1,0,0,0,1
0,6,4,10,44,0,0,0,0,0,0,0,0,0,1,0,0,0,1
121,2,0,2,46,0,0,0,0,0,0,0,0,0,1,0,0,0,1
0,2,2,4,46,0,0,0,0,0,0,0,0,0,1,0,0,0,1
1,2,2,4,46,0,0,0,0,0,0,0,0,0,1,0,0,0,1
1964,3,2,5,47,0,0,0,0,0,0,0,0,0,1,0,0,0,1
2275,6,0,6,53,0,0,0,0,0,0,0,0,0,0,0,0,0,0
13244,10,10,20,53,0,0,0,0,0,0,0,0,0,0,0,0,0,0
3688,41,43,84,51,0,0,0,0,0,0,0,0,0,1,0,0,0,1
0,28,0,28,27,0,0,0,0,0,0,0,0,0,1,0,0,0,1
11187,5,0,5,32,0,0,0,0,0,0,0,0,0,1,0,0,0,1
34,61,23,84,71,0,0,0,0,0,0,0,0,0,1,0,0,0,1
0,28,1,29,98,0,0,0,0,0,0,0,0,0,1,0,0,0,1
135,2,0,2,100,0,0,0,0,0,0,0,0,0,1,0,0,0,1
1965,3,2,5,101,0,0,0,0,0,0,0,0,0,1,0,0,0,1
6553,17,0,17,118,0,0,0,0,0,0,0,0,0,1,0,0,0,1
8966,11,9,20,120,0,0,0,0,0,0,0,0,0,1,0,0,0,1
3688,23,23,46,120,0,0,0,0,0,0,0,0,0,1,0,0,0,1
0,1228,0,1228,1227,0,0,0,0,0,0,0,1,1,1,0,0,0,1
4,0,1228,1228,1228,0,0,0,0,0,0,0,0,0,0,0,0,0,0
0,8,0,8,7,0,0,0,0,0,0,0,0,0,1,0,0,0,1
10074,2,0,2,9,0,0,0,0,0,0,0,0,0,1,0,0,0,1
11,1,1,2,10,0,0,0,0,0,0,0,0,0,1,0,0,0,1
101,1,1,2,10,0,0,0,0,0,0,0,0,0,1,0,0,0,1
5841,0,10,10,10,0,0,0,0,0,0,0,0,0,0,0,0,0,0
0,5,0,5,4,0,0,0,0,0,0,0,0,0,0,0,0,0,0
878,3,1,4,7,0,0,0,0,0,0,0,0,0,0,0,0,0,0
8402,5,3,8,9,0,0,0,0,0,0,0,0,0,0,0,0,0,0
794,2,0,2,11,0,0,0,0,0,0,0,0,0,0,0,0,0,0
112,2,2,4,11,0,0,0,0,0,0,0,0,0,0,0,0,0,0
2419,0,11,11,11,0,0,0,0,0,0,0,0,0,0,0,0,0,0
0,34,0,34,33,0,0,0,0,0,0,0,0,0,1,0,0,0,1
9082,0,34,34,34,0,0,0,0,0,0,0,0,0,0,0,0,0,0
0,1228,0,1228,1227,0,0,0,0,0,0,0,1,1,1,0,0,0,1
197,9,2,11,1234,0,0,0,0,0,0,0,1,1,1,0,0,0,1
6,2,2,4,1235,0,0,0,0,0,0,0,1,1,1,0,0,0,1
18,3,2,5,1236,0,0,0,0,0,0,0,1,1,1,0,0,0,1
560,18,5,23,1441,0,0,0,1,1,0,1,1,1,1,0,0,0,1
33,10,30,40,1421,0,0,0,1,1,0,1,1,1,1,0,0,0,1
206,4,2,6,1238,0,0,0,0,0,0,0,1,1,1,0,0,0,1
65,2,2,4,1238,0,0,0,0,0,0,0,1,1,1,0,0,0,1
1,2,0,2,1240,0,0,0,0,0,0,0,1,1,1,0,0,0,1
279,25,18,43,1247,0,0,0,0,0,0,0,1,1,1,0,0,1,1
4,3,3,6,1240,0,0,0,0,0,0,0,1,1,1,0,0,0,1
279,4,12,16,1239,0,0,0,0,0,0,0,1,1,1,0,0,0,1
1,1,1,2,1239,0,0,0,0,0,0,0,1,1,1,0,0,0,1
0,1,1,2,1239,0,0,0,0,0,0,0,1,1,1,0,0,0,1
0,1,1,2,1239,0,0,0,0,0,0,0,1,1,1,0,0,0,1
0,1,1,2,1239,0,0,0,0,0,0,0,1,1,1,0,0,0,1
0,2,2,4,1239,0,0,0,0,0,0,0,1,1,1,0,0,0,1
0,1,1,2,1239,0,0,0,0,0,0,0,1,1,1,0,0,0,1
0,3,3,6,1239,0,0,0,0,0,0,0,1,1,1,0,0,0,1
228,3,2,5,1240,0,0,0,0,0,0,0,1,1,1,0,0,0,1
1,5,2,7,1243,0,0,0,0,0,0,0,1,1,1,0,0,0,1
162,2,3,5,1400,0,0,0,1,1,0,1,1,1,1,0,0,0,1
624,2,1,3,1244,0,0,0,0,0,0,0,1,1,1,0,0,0,1
115,2,2,4,1244,0,0,0,0,0,0,0,1,1,1,0,0,0,1
170,11,5,16,1250,0,0,0,1,0,0,1,1,1,1,0,0,0,1
0,3,1,4,1252,0,0,0,1,0,0,1,1,1,1,0,0,0,1
26,18,10,28,1260,0,0,0,1,0,0,1,1,1,1,0,0,0,1
59,1,1,2,1260,0,0,0,1,0,0,1,1,1,1,0,0,0,1
643,1,1,2,1260,0,0,0,1,0,0,1,1,1,1,0,0,0,1
136,3,3,6,1260,0,0,0,1,0,0,1,1,1,1,0,0,0,1
10,13,24,37,1249,0,0,0,1,0,0,1,1,1,1,0,0,0,1
21,1,1,2,1249,0,0,0,1,0,0,1,1,1,1,0,0,0,1
141,1,3,4,1247,0,0,0,1,0,0,1,1,1,1,0,0,0,1
91,5,2,7,1250,0,0,0,1,0,0,1,1,1,1,0,0,0,1
210,4,0,4,1254,0,0,0,1,0,0,1,1,1,1,0,0,0,1
93,1,1,2,1254,0,0,0,1,0,0,1,1,1,1,0,0,0,1
24,88,3,91,1339,0,0,0,1,0,0,1,1,1,1,0,0,0,1
0,4,1,5,1342,0,0,0,1,0,0,1,1,1,1,0,0,0,1
68,162,162,324,1342,0,0,0,1,0,0,1,1,1,1,0,0,0,1
293,1,0,1,1343,0,0,0,1,0,0,1,1,1,1,0,0,0,1
110,42,41,83,1344,0,0,0,1,0,0,1,1,1,1,0,0,0,1
327,1,1,2,1344,0,0,0,1,0,0,1,1,1,1,0,0,0,1
163,10,0,10,1354,0,0,0,1,0,0,1,1,1,1,0,0,0,1
133,9,5,14,1614,0,0,0,1,1,0,1,1,1,1,0,0,0,1
243,1,1,2,1354,0,0,0,1,0,0,1,1,1,1,0,0,0,1
181,20,2,22,1362,0,0,0,1,1,0,1,1,1,1,0,0,0,1
867,2,2,4,1362,0,0,0,1,1,0,1,1,1,1,0,0,0,1
81,5,0,5,1367,0,0,0,1,1,0,1,1,1,1,0,0,0,1
360,1,1,2,1369,0,0,0,1,1,0,1,1,1,1,0,0,0,1
478,1,1,2,1367,0,0,0,1,1,0,1,1,1,1,0,0,0,1
23,2,2,4,1367,0,0,0,1,1,0,1,1,1,1,0,0,0,1
2,2,0,2,1369,0,0,0,1,1,0,1,1,1,1,0,0,0,1
121,34,5,39,1398,0,0,0,1,1,0,1,1,1,1,0,0,0,1
37,3,1,4,1371,0,0,0,1,1,0,1,1,1,1,0,0,0,1
7,34,23,57,1421,0,0,0,1,1,0,1,1,1,1,0,0,0,1
6,1,1,2,1369,0,0,0,1,1,0,1,1,1,1,0,0,0,1
24,7,2,9,1415,0,0,0,1,1,0,1,1,1,1,0,0,0,1
86,1,0,1,1399,0,0,0,1,1,0,1,1,1,1,0,0,0,1
6,3,2,5,1400,0,0,0,1,1,0,1,1,1,1,0,0,0,1
680,5,1,6,1432,0,0,0,1,1,0,1,1,1,1,0,0,0,1
165,21,43,64,1399,0,0,0,1,1,0,1,1,1,1,0,0,0,1
1,18,20,38,1419,0,0,0,1,1,0,1,1,1,1,0,0,0,1
70,4,5,9,1431,0,0,0,1,1,0,1,1,1,1,0,0,0,1
145,21,7,28,1413,0,0,0,1,1,0,1,1,1,1,0,0,0,1
14,0,16,16,1383,0,0,0,1,1,0,1,1,1,1,0,0,0,1
31,1,1,2,1395,0,0,0,1,1,0,1,1,1,1,0,0,0,1
102,4,1,5,1398,0,0,0,1,1,0,1,1,1,1,0,0,0,1
24,10,0,10,1512,0,0,0,1,1,0,1,1,1,1,0,0,0,1
14,3,2,5,1403,0,0,0,1,1,0,1,1,1,1,0,0,0,1
0,2,2,4,1401,0,0,0,1,1,0,1,1,1,1,0,0,0,1
3,4,4,8,1401,0,0,0,1,1,0,1,1,1,1,0,0,0,1
89,3,0,3,1404,0,0,0,1,1,0,1,1,1,1,0,0,0,1
48,7,6,13,1402,0,0,0,1,1,0,1,1,1,1,0,0,0,1
11,111,39,150,1475,0,0,0,1,1,0,1,1,1,1,0,0,0,1
16,22,9,31,1488,0,0,0,1,1,0,1,1,1,1,0,0,0,1
4,3,0,3,1491,0,0,0,1,1,0,1,1,1,1,0,0,0,1
3,4,2,6,1493,0,0,0,1,1,0,1,1,1,1,0,0,0,1
122,2,1,3,1494,0,0,0,1,1,0,1,1,1,1,0,0,0,1
91,5,0,5,1502,0,0,0,1,1,0,1,1,1,1,0,0,0,1
17,69,62,131,1561,0,0,0,1,1,0,1,1,1,1,0,0,0,1
16,6,23,29,1544,0,0,0,1,1,0,1,1,1,1,0,0,0,1
51,1,1,2,1497,0,0,0,1,1,0,1,1,1,1,0,0,0,1
44,4,0,4,1506,0,0,0,1,1,0,1,1,1,1,0,0,0,1
46,2,2,4,1512,0,0,0,1,1,0,1,1,1,1,0,0,0,1
54,79,60,139,1585,0,0,0,1,1,0,1,1,1,1,0,0,0,1
53,34,0,34,1550,0,0,0,1,1,0,1,1,1,1,0,0,0,1
97,16,11,27,1555,0,0,0,1,1,0,1,1,1,1,0,0,0,1
0,2,2,4,1555,0,0,0,1,1,0,1,1,1,1,0,0,0,1
42,5,3,8,1517,0,0,0,1,1,0,1,1,1,1,0,0,0,1
8,0,2,2,1514,0,0,0,1,1,0,1,1,1,1,0,0,0,1
0,2,3,5,1543,0,0,0,1,1,0,1,1,1,1,0,0,0,1
0,6,7,13,1515,0,0,0,1,1,0,1,1,1,1,0,0,0,1
0,4,4,8,1516,0,0,0,1,1,0,1,1,1,1,0,0,0,1
0,16,16,32,1516,0,0,0,1,1,0,1,1,1,1,0,0,0,1
0,2,2,4,1516,0,0,0,1,1,0,1,1,1,1,0,0,0,1
0,14,14,28,1554,0,0,0,1,1,0,1,1,1,1,0,0,0,1
0,2,2,4,1554,0,0,0,1,1,0,1,1,1,1,0,0,0,1
0,4,4,8,1516,0,0,0,1,1,0,1,1,1,1,0,0,0,1
1,1,1,2,1553,0,0,0,1,1,0,1,1,1,1,0,0,0,1
0,3,3,6,1554,0,0,0,1,1,0,1,1,1,1,0,0,0,1
1,6,6,12,1554,0,0,0,1,1,0,1,1,1,1,0,0,0,1
1,14,0,14,1557,0,0,0,1,1,0,1,1,1,1,0,0,0,1
4,7,6,13,1558,0,0,0,1,1,0,1,1,1,1,0,0,0,1
0,1,1,2,1558,0,0,0,1,1,0,1,1,1,1,0,0,0,1
42,2,2,4,1558,0,0,0,1,1,0,1,1,1,1,0,0,0,1
0,12,4,16,1566,0,0,0,1,1,0,1,1,1,1,0,0,0,1
4,28,9,37,1604,0,0,0,1,1,0,1,1,1,1,0,0,0,1
49,51,45,96,1572,0,0,0,1,1,0,1,1,1,1,0,0,0,1
0,39,39,78,1572,0,0,0,1,1,0,1,1,1,1,0,0,0,1
24,3,3,6,1610,0,0,0,1,1,0,1,1,1,1,0,0,0,1
66,1,1,2,1610,0,0,0,1,1,0,1,1,1,1,0,0,0,1
86,171,147,318,1785,0,0,0,1,1,0,1,1,1,1,0,0,0,1
13,234,88,322,1760,0,0,0,1,1,0,1,1,1,1,0,0,0,1
1,12,11,23,1786,0,0,0,1,1,0,1,1,1,1,0,0,0,1
3,1,1,2,1786,0,0,0,1,1,0,1,1,1,1,0,0,0,1
1,150,149,299,1761,0,0,0,1,1,0,1,1,1,1,0,0,0,1
25,41,39,80,1788,0,0,0,1,1,0,1,1,1,1,0,0,0,1
2,2,7,9,1781,0,0,0,1,1,0,1,1,1,1,0,0,0,1
7,6,1,7,1791,0,0,0,1,1,0,1,1,1,1,0,0,0,1
12,3,3,6,1781,0,0,0,1,1,0,1,1,1,1,0,0,0,1
2,8,9,17,1780,0,0,0,1,1,0,1,1,1,1,0,0,0,1
18,12,3,15,1800,0,0,0,1,1,0,1,1,1,1,0,0,0,1
4,8,10,18,1794,0,0,0,1,1,0,1,1,1,1,0,0,0,1
4,9,0,9,1805,0,0,0,1,1,0,1,1,1,1,0,0,0,1
35,12,14,26,1801,0,0,0,1,1,0,1,1,1,1,0,0,0,1
14,31,93,124,1741,0,0,0,1,1,0,1,1,1,1,0,0,0,1
6,1,1,2,1801,0,0,0,1,1,0,1,1,1,1,0,0,0,1
32,195,202,397,1734,1,0,1,1,1,0,1,1,1,1,0,0,0,1
0,54,46,100,1749,0,0,0,1,1,0,1,1,1,1,0,0,0,1
10,8,12,20,1730,1,0,1,1,1,0,1,1,1,1,0,0,0,1
11,1,1,2,1742,1,0,1,1,1,0,1,1,1,1,0,0,0,1
76,10,4,14,1746,1,0,1,1,1,0,1,1,1,1,0,0,0,1
5,29,4,33,1765,1,0,1,1,1,0,1,1,1,1,0,0,0,1
0,12,12,24,1765,1,0,1,1,1,0,1,1,1,1,0,0,0,1
0,10,39,49,1736,0,0,0,1,1,0,1,1,1,1,0,0,0,1
0,14,5,19,1745,0,0,0,1,1,0,1,1,1,1,0,0,0,1
1,1,1,2,1745,0,0,0,1,1,0,1,1,1,1,0,0,0,1
8,4,3,7,1737,0,0,1,1,1,0,1,1,1,1,0,0,0,1
38,0,10,10,1737,0,0,0,1,1,0,1,1,1,1,0,0,0,1
16,1,1,2,1737,0,0,0,1,1,0,1,1,1,1,0,0,0,1
32,3,2,5,1747,0,0,0,1,1,0,1,1,1,1,0,0,0,1
253,22,8,30,1761,0,0,0,1,1,0,1,1,1,1,0,0,0,1
56,1,1,2,1761,0,0,0,1,1,0,1,1,1,1,0,0,0,1
13,1,1,2,1761,0,0,0,1,1,0,1,1,1,1,0,0,0,1
169,1,1,2,1761,0,0,0,1,1,0,1,1,1,1,0,0,0,1
10,4,0,4,1765,0,0,0,1,1,0,1,1,1,1,0,0,0,1
75,1,1,2,1766,0,0,0,1,1,0,1,1,1,1,0,0,0,1
3,1,1,2,1766,0,0,0,1,1,0,1,1,1,1,0,0,0,1
13,27,13,40,1779,0,0,0,1,1,0,1,1,1,1,0,0,0,1
147,2,1,3,1766,0,0,0,1,1,0,1,1,1,1,0,0,0,1
93,5,1,6,1770,0,0,0,1,1,0,1,1,1,1,0,0,0,1
176,1,1,2,1770,0,0,0,1,1,0,1,1,1,1,0,0,0,1
14,1,1,2,1770,0,0,0,1,1,0,1,1,1,1,0,0,0,1
46,1,1,2,1770,0,0,0,1,1,0,1,1,1,1,0,0,0,1
0,2,1,3,1780,0,0,0,1,1,0,1,1,1,1,0,0,0,1
7,1,1,2,1770,0,0,0,1,1,0,1,1,1,1,0,0,0,1
19,26,1,27,1795,0,0,0,1,1,0,1,1,1,1,0,0,0,1
53,4,2,6,1797,0,0,0,1,1,0,1,1,1,1,0,0,0,1
24,4,17,21,1784,0,0,0,1,1,0,1,1,1,1,0,0,0,1
13,1,1,2,1784,0,0,0,1,1,0,1,1,1,1,0,0,0,1
242,45,9,54,1835,0,0,0,1,1,0,1,1,1,1,0,0,0,1
20,20,32,52,1823,0,0,0,1,1,0,1,1,1,1,0,0,0,1
16,8,6,14,1825,0,0,0,1,1,0,1,1,1,1,0,0,0,1
11,2,2,4,1825,0,0,0,1,1,0,1,1,1,1,0,0,0,1
14,1,1,2,1825,0,0,0,1,1,0,1,1,1,1,0,0,0,1
188,3,0,3,1828,0,0,0,1,1,0,1,1,1,1,0,0,0,1
0,2,2,4,1828,0,0,0,1,1,0,1,1,1,1,0,0,0,1
50,1,54,55,1772,0,0,0,1,1,0,1,1,1,1,0,0,0,1
1,3,1,4,1830,0,0,0,1,1,0,1,1,1,1,0,0,0,1
116,61,55,116,1783,0,0,0,0,1,0,0,1,1,1,0,0,0,1
24,8,1,9,1790,0,0,0,0,1,0,0,1,1,1,0,0,0,1
76,15,99,114,1706,0,0,0,0,1,0,0,1,1,1,0,0,0,1
111,16,74,90,1648,0,0,0,0,1,0,0,1,1,1,0,0,0,1
31,25,2,27,1729,0,0,0,0,1,0,0,1,1,1,0,0,0,1
39,28,9,37,1725,0,0,0,0,1,0,0,1,1,1,0,0,0,1
53,2,2,4,1725,0,0,0,0,1,0,0,1,1,1,0,0,0,1
3,17,17,34,1690,0,0,0,0,1,0,0,1,1,1,0,0,0,1
58,12,27,39,1652,0,0,0,0,1,0,0,1,1,1,0,0,0,1
14,2,4,6,1650,0,0,0,0,1,0,0,1,1,1,0,0,0,1
68,2,2,4,1673,0,0,0,0,1,0,0,1,1,1,0,0,0,1
22,7,65,72,1615,0,0,0,0,1,0,0,1,1,1,0,0,0,1
4,2,3,5,1614,0,0,0,0,1,0,0,1,1,1,0,0,0,1
42,5,102,107,1576,0,0,0,0,1,0,0,1,1,1,0,0,0,1
2,1,5,6,1513,0,0,0,0,1,0,0,1,1,1,0,0,0,1
0,6,30,36,1489,0,0,0,0,1,0,0,1,1,1,0,0,0,1
42,3,4,7,1488,0,0,0,0,1,0,0,1,1,1,0,0,0,1
456,3,1,4,1490,0,0,0,0,1,0,0,1,1,1,0,0,0,1
163,19,2,21,1505,0,0,0,0,1,0,0,1,1,1,0,0,0,1
105,3,2,5,1491,0,0,0,0,1,0,0,1,1,1,0,0,0,1
2,22,0,22,1512,0,0,0,0,1,0,0,1,1,1,0,0,0,1
56,1,3,4,1503,0,0,0,0,1,0,0,1,1,1,0,0,0,1
21,12,3,15,1521,1,0,1,0,1,0,0,1,1,1,0,0,0,1
14,9,4,13,1511,0,0,0,0,1,0,0,1,1,1,0,0,0,1
26,1,0,1,1538,1,0,1,0,1,0,0,1,1,1,0,0,0,1
101,9,6,15,1514,0,0,0,0,1,0,0,1,1,1,0,0,0,1
20,1,3,4,1536,1,0,1,0,1,0,0,1,1,1,0,0,0,1
67,8,0,8,1552,1,0,1,0,1,0,0,1,1,1,0,0,0,1
107,10,1,11,1561,1,0,1,0,1,0,0,1,1,1,0,0,0,1
160,8,0,8,1569,1,0,1,0,1,0,0,1,1,1,0,0,0,1
180,5,5,10,1569,1,0,1,0,1,0,0,1,1,1,0,0,0,1
0,3,1,4,1571,1,0,1,0,1,0,0,1,1,1,0,0,0,1
88,3,3,6,1569,1,0,1,0,1,0,0,1,1,1,0,0,0,1
11,39,0,39,1610,1,0,1,1,1,0,0,1,1,1,0,0,0,1
18,5,44,49,1571,1,0,1,0,1,0,0,1,1,1,0,0,0,1
174,1,1,2,1571,1,0,1,0,1,0,0,1,1,1,0,0,0,1
224,5,5,10,1571,1,0,1,0,1,0,0,1,1,1,0,0,0,1
166,18,16,34,1573,1,0,1,0,1,0,0,1,1,1,0,0,0,1
16,4,6,10,1571,1,0,1,0,1,0,0,1,1,1,0,0,0,1
109,2,0,2,1573,1,0,1,0,1,0,0,1,1,1,0,0,0,1
23,1,1,2,1573,1,0,1,0,1,0,0,1,1,1,0,0,0,1
151,2,1,3,1574,1,0,1,0,1,0,0,1,1,1,0,0,0,1
115,9,9,18,1574,1,0,1,0,1,0,0,1,1,1,0,0,0,1
6,12,30,42,1556,1,0,1,0,1,0,0,1,0,1,0,0,0,1
141,3,3,6,1556,1,0,1,0,1,0,0,1,0,1,0,0,0,1
136,2,2,4,1556,1,0,1,0,1,0,0,1,0,1,0,0,0,1
2,7,164,171,1399,1,0,1,0,1,0,0,1,0,1,0,0,0,1
3,1,1,2,1399,1,0,1,0,1,0,0,1,0,1,0,0,0,1
366,3,1,4,1401,1,0,1,0,1,0,0,1,0,1,0,0,0,1
23,14,17,31,1396,0,0,0,0,1,0,0,1,0,1,0,0,0,1
429,12,1,13,1409,1,0,1,0,1,0,0,1,0,1,0,0,0,1
168,0,1,1,1408,1,0,1,0,1,0,0,1,0,1,0,0,0,1
79,1,1,2,1408,1,0,1,0,1,0,0,1,0,1,0,0,0,1
166,1,1,2,1408,1,0,1,0,1,0,0,1,0,1,0,0,0,1
160,14,2,16,1420,1,0,1,0,1,0,0,1,0,1,0,0,0,1
25,3,4,7,1407,1,0,1,0,1,0,0,1,0,1,0,0,0,1
20,1,1,2,1408,1,0,1,0,1,0,0,1,0,1,0,0,0,1
293,11,6,17,1424,1,0,1,0,1,0,0,1,0,1,0,0,0,1
28,8,55,63,1372,1,0,1,0,1,0,0,1,0,1,0,0,0,1
550,18,11,29,1431,0,0,1,0,1,0,0,1,0,1,0,0,0,1
21,15,14,29,1432,0,0,1,0,1,0,0,1,0,1,0,0,0,1
97,3,6,9,1429,0,0,1,0,1,0,0,1,0,1,0,0,0,1
218,6,3,9,1432,0,0,1,0,1,0,0,1,0,1,0,0,0,1
267,54,48,102,1438,0,0,1,0,1,0,0,1,0,1,0,0,0,1
4,3,3,6,1432,0,0,1,0,1,0,0,1,0,1,0,0,0,1
1,2,0,2,1434,0,0,1,0,1,0,0,1,0,1,0,0,0,1
17,4,1,5,1437,1,0,1,0,1,0,0,1,0,1,0,0,0,1
380,5,15,20,1386,1,0,1,0,1,0,0,1,0,1,0,0,0,1
44,0,1,1,1385,1,0,1,0,1,0,0,1,0,1,0,0,0,1
171,17,10,27,1392,1,0,1,0,1,0,0,1,0,1,0,0,0,1
69,2,1,3,1386,1,0,1,0,1,0,0,1,0,1,0,0,0,1
2,0,1,1,1385,1,0,1,0,1,0,0,1,0,1,0,0,0,1
54,15,17,32,1390,1,0,1,0,1,0,0,1,0,1,0,0,0,1
263,5,0,5,1395,1,0,1,0,1,0,0,1,0,1,0,0,0,1
557,1,1,2,1395,1,0,1,0,1,0,0,1,0,1,0,0,0,1
11,1,1,2,1395,1,0,1,0,1,0,0,1,0,1,0,0,0,1
818,2,1,3,1396,1,0,1,0,1,0,0,1,0,1,0,0,0,1
11,6,2,8,1428,1,0,1,0,1,0,0,1,0,1,0,0,0,1
277,45,23,68,1418,1,0,1,0,1,0,0,1,0,1,0,0,0,1
24,4,3,7,1419,1,0,1,0,1,0,0,1,0,1,0,0,0,1
29,1,1,2,1419,1,0,1,0,1,0,0,1,0,1,0,0,0,1
459,13,8,21,1424,1,0,1,0,1,0,0,1,0,1,0,0,0,1
1338,9,2,11,1435,1,0,1,0,1,0,0,1,0,1,0,0,0,1
28,3,1,4,1437,1,0,1,0,1,0,0,1,0,1,0,0,0,1
40,6,0,6,1443,1,0,1,0,1,0,0,1,0,1,0,0,0,1
27,4,1,5,1446,1,0,1,0,1,0,0,1,0,1,0,0,0,1
19,1,1,2,1446,1,0,1,0,1,0,0,1,0,1,0,0,0,1
25,13,1,14,1458,1,0,1,0,1,0,0,1,0,1,0,0,0,1
529,3,3,6,1458,1,0,1,0,1,0,0,1,0,1,0,0,0,1
3,1,1,2,1458,1,0,1,0,1,0,0,1,0,1,0,0,0,1
774,0,24,24,1434,1,0,1,0,1,0,0,1,0,1,0,0,0,1
1882,4,0,4,1438,1,0,1,0,1,0,0,1,0,1,0,0,0,1
1128,5,0,5,1443,1,0,1,0,1,0,0,1,0,1,0,0,0,1
0,35,32,67,1446,1,0,1,0,1,0,0,1,1,1,0,0,0,1
5,6,2,8,1450,1,0,1,0,1,0,0,1,1,1,0,0,0,1
9,2,2,4,1438,1,0,1,0,1,0,0,1,0,1,0,0,0,1
53,15,15,30,1450,1,0,1,0,1,0,0,1,1,1,0,0,0,1
233,16,2,18,1464,1,0,1,0,1,0,0,1,0,1,0,0,0,1
188,48,41,89,1471,1,0,1,0,1,0,0,1,0,1,0,0,0,1
61,35,2,37,1504,1,0,1,0,1,0,0,1,0,1,0,0,0,1
278,5,1,6,1475,1,0,1,0,1,0,0,1,0,1,0,0,0,1
25,1,1,2,1475,1,0,1,0,1,0,0,1,0,1,0,0,0,1
382,28,6,34,1526,1,0,1,0,1,0,0,1,0,1,0,0,0,1
400,11,2,13,1484,1,0,1,0,1,0,0,1,0,1,0,0,0,1
1401,6,0,6,1532,1,0,1,0,1,0,0,1,0,1,0,0,0,1
0,6,28,34,1510,1,0,1,0,1,0,0,1,0,1,0,0,0,1
347,4,7,11,1520,0,0,0,0,1,0,0,1,0,1,0,0,0,1
17,1,0,1,1521,0,0,0,0,1,0,0,1,0,1,0,0,0,1
4,64,20,84,1565,0,0,0,0,1,0,0,1,0,1,0,0,0,1
2,2,2,4,1565,0,0,0,0,1,0,0,1,0,1,0,0,0,1
287,101,114,215,1552,1,0,0,0,1,0,0,1,0,1,0,0,0,1
0,18,0,18,18,0,0,0,0,0,0,0,0,0,1,0,0,0,1
2,8,0,8,26,0,0,0,0,0,0,0,0,0,1,0,0,0,1
8400,47,6,53,67,0,0,0,0,0,0,0,0,1,1,0,0,0,1
1033,54,41,95,80,0,0,0,0,0,1,0,0,0,1,0,0,0,1
91,1,1,2,80,0,0,0,0,0,1,0,0,0,1,0,0,0,1
43,2,0,2,82,0,0,0,0,0,1,0,0,0,1,0,0,0,1
0,3,2,5,83,0,0,0,0,0,1,0,0,0,1,0,0,0,1
877,1,0,1,84,0,0,0,0,0,1,0,0,0,1,0,0,0,1
1088,3,2,5,85,0,0,0,0,0,1,0,0,0,1,0,0,0,1
192,4,0,4,89,0,0,0,0,0,1,0,0,0,1,0,0,0,1
0,8,4,12,93,0,0,0,0,0,1,0,0,0,1,0,0,0,1
15327,7,5,12,95,0,0,0,0,0,1,0,0,0,1,0,0,0,1
3688,18,18,36,95,0,0,0,0,0,1,0,0,0,1,0,0,0,1
0,5,0,5,5,0,0,0,0,0,0,0,0,0,0,0,0,0,0
7030,2,2,4,5,0,0,0,0,0,0,0,0,0,0,0,0,0,0
148,9,1,10,13,0,0,0,0,0,0,0,0,0,0,0,0,0,0
1245,2,0,2,15,0,0,0,0,0,0,0,0,0,0,0,0,0,0
112,4,4,8,15,0,0,0,0,0,0,0,0,0,0,0,0,0,0
241,0,15,15,15,0,0,0,0,0,0,0,0,0,0,0,0,0,0
0,19,0,19,18,0,0,0,0,0,0,0,0,0,0,0,0,0,0
1060,42,1,43,59,0,0,0,0,0,0,0,0,0,0,0,0,0,0
2850,8,2,10,66,0,0,0,0,0,0,0,0,0,0,0,0,0,0
2039,4,4,8,66,0,0,0,0,0,0,0,0,0,0,0,0,0,0
813,4,4,8,66,0,0,0,0,0,0,0,0,0,0,0,0,0,0
63,7,0,7,73,0,0,0,0,0,0,0,0,0,0,0,0,0,0
53,57,45,102,78,0,0,0,0,0,0,0,0,0,0,0,0,0,0
1,1,2,3,93,0,0,0,0,0,0,0,0,0,1,0,0,0,1
8,3,3,6,93,0,0,0,0,0,0,0,0,0,1,0,0,0,1
221,0,8,8,85,0,0,0,0,0,0,0,0,0,1,0,0,0,1
18,2,0,2,87,0,0,0,0,0,0,0,0,0,1,0,0,0,1
1,3,2,5,88,0,0,0,0,0,0,0,0,0,1,0,0,0,1
94,8,0,8,96,0,0,0,0,0,0,0,0,0,1,0,0,0,1
18,5,5,10,96,0,0,0,0,0,0,0,0,0,1,0,0,0,1
1592,3,2,5,97,0,0,0,0,0,0,0,0,0,1,0,0,0,1
6741,30,0,30,127,0,0,0,0,0,0,0,0,0,1,0,0,0,1
9038,8,4,12,131,0,0,0,0,0,0,0,0,0,1,0,0,0,1
3688,44,45,89,130,0,0,0,0,0,0,0,0,0,1,0,0,0,1
0,36,0,36,36,0,0,0,0,0,0,0,0,0,1,0,0,0,1
556,2,2,4,36,0,0,0,0,0,0,0,0,0,1,0,0,0,1
2850,5,1,6,40,0,0,0,0,0,0,0,0,0,1,0,0,0,1
2039,4,18,22,26,0,0,0,0,0,0,0,0,0,1,0,0,0,1
121,3,1,4,28,0,0,0,0,0,0,0,0,0,1,0,0,0,1
683,2,0,2,30,0,0,0,0,0,0,0,0,0,1,0,0,0,1
10,18,6,24,40,0,0,0,0,0,0,0,0,0,1,0,0,0,1
102,14,14,28,42,0,0,0,0,0,0,0,0,0,1,0,0,0,1
0,1,1,2,42,0,0,0,0,0,0,0,0,0,1,0,0,0,1
187,8,4,12,50,0,0,0,0,0,0,0,1,0,1,0,0,0,1
1,6,2,8,46,0,0,0,0,0,0,0,0,0,1,0,0,0,1
53,1,2,3,49,0,0,0,0,0,0,0,1,0,1,0,0,0,1
22,3,2,5,50,0,0,0,0,0,0,0,1,0,1,0,0,0,1
94,4,4,8,50,0,0,0,0,0,0,0,1,0,1,0,0,0,1
98,0,11,11,39,0,0,0,0,0,0,0,1,0,1,0,0,0,1
8253,2,2,4,39,0,0,0,0,0,0,0,1,0,1,0,0,0,1
12727,7,8,15,38,0,0,0,0,0,0,0,1,0,1,0,0,0,1
0,31,0,31,30,0,0,0,0,0,0,0,0,0,1,0,0,0,1
4462,7,4,11,34,0,0,0,0,0,0,0,0,0,1,0,0,0,1
1458,28,22,50,40,0,0,0,0,0,0,0,0,0,1,0,0,0,1
122,2,0,2,42,0,0,0,0,0,0,0,0,0,1,0,0,0,1
54,1,1,2,42,0,0,0,0,0,0,0,0,0,1,0,0,0,1
1911,5,3,8,44,0,0,0,0,0,0,0,0,0,1,0,0,0,1
1722,1,1,2,44,0,0,0,0,0,0,0,0,0,1,0,0,0,1
4207,11,2,13,53,0,0,0,0,0,0,0,0,0,1,0,0,0,1
21,25,4,29,74,0,0,0,0,0,0,0,0,0,1,0,0,0,1
13258,21,21,42,74,0,0,0,0,0,0,0,0,0,1,0,0,0,1
0,41,0,41,41,0,0,0,0,0,0,0,0,0,1,0,0,0,1
4956,0,41,41,41,0,0,0,0,0,0,0,0,0,0,0,0,0,0
0,39,0,39,39,0,0,0,0,0,0,0,0,0,1,0,0,0,1
4580,0,39,39,39,0,0,0,0,0,0,0,0,0,0,0,0,0,0
0,161,0,161,161,0,0,0,0,0,0,0,0,0,1,0,0,0,1
4276,139,149,288,151,0,0,0,0,0,0,0,0,1,1,0,0,0,1
178,1,1,2,151,0,0,0,0,0,0,0,0,1,1,0,0,0,1
69,2,0,2,153,0,0,0,0,0,0,0,0,1,1,0,0,0,1
0,41,41,82,153,0,0,0,0,0,0,0,0,1,1,0,0,0,1
0,2,2,4,153,0,0,0,0,0,0,0,0,1,1,0,0,0,1
0,2,2,4,153,0,0,0,0,0,0,0,0,1,1,0,0,0,1
1965,3,2,5,154,0,0,0,0,0,0,0,0,1,1,0,0,0,1
1722,2,2,4,154,0,0,0,0,0,0,0,0,1,1,0,0,0,1
64,36,6,42,184,0,0,0,0,0,0,0,0,1,1,0,0,0,1
965,11,14,25,181,0,0,0,0,0,0,0,0,1,1,0,0,0,1
4398,1,1,2,181,0,0,0,0,0,0,0,0,1,1,0,0,0,1
125,1,1,2,181,0,0,0,0,0,0,0,0,1,1,0,0,0,1
8247,11,11,22,181,0,0,0,0,0,0,0,0,1,1,0,0,0,1
3688,33,27,60,187,0,0,0,0,0,0,0,0,1,1,0,0,0,1
0,38,0,38,37,0,0,0,0,0,0,0,0,1,1,0,0,0,1
3885,43,31,74,50,0,0,0,0,0,0,0,0,1,1,0,0,0,1
134,2,0,2,52,0,0,0,0,0,0,0,0,1,1,0,0,0,1
1965,3,2,5,53,0,0,0,0,0,0,0,0,1,1,0,0,0,1
15519,3,2,5,54,0,0,0,0,0,0,0,0,1,1,0,0,0,1
3688,10,10,20,54,0,0,0,0,0,0,0,0,1,1,0,0,0,1
0,95,0,95,95,0,0,0,0,0,0,0,0,1,1,0,0,0,1
73,10,0,10,105,0,0,0,0,0,0,0,0,1,1,0,0,0,1
2281,71,54,125,122,0,0,0,0,0,0,0,0,1,1,0,0,0,1
0,36,5,41,153,0,0,0,0,0,0,0,0,1,1,0,0,0,1
220,0,10,10,143,0,0,0,0,0,0,0,0,1,1,0,0,0,1
18,4,2,6,145,0,0,0,0,0,0,0,0,1,1,0,0,0,1
0,1,1,2,145,0,0,0,0,0,0,0,0,1,1,0,0,0,1
1,1,2,3,144,0,0,0,0,0,0,0,0,1,1,0,0,0,1
0,2,1,3,145,0,0,0,0,0,0,0,0,1,1,0,0,0,1
1705,3,2,5,146,0,0,0,0,0,0,0,0,1,1,0,0,0,1
3193,72,2,74,216,0,0,0,0,0,1,0,1,1,1,0,0,0,1
8222,18,0,18,234,0,0,0,0,0,1,0,1,1,1,0,0,0,1
19,16,0,16,250,0,0,0,0,0,1,0,1,1,1,0,0,0,1
25,35,0,35,285,0,0,0,0,0,1,0,1,1,1,0,0,0,1
4321,14,13,27,286,0,0,0,0,0,1,0,1,1,1,0,0,0,1
1630,16,0,16,302,0,0,0,0,0,1,0,1,1,1,0,0,0,1
2058,58,59,117,301,0,0,0,0,0,1,0,1,1,1,0,0,0,1
0,5,0,5,5,0,0,0,0,0,0,0,0,0,0,0,0,0,0
1632,8,4,12,9,0,0,0,0,0,0,0,0,0,0,0,0,0,0
114,0,9,9,9,0,0,0,0,0,0,0,0,0,0,0,0,0,0
0,46,0,46,46,0,0,0,0,0,0,0,0,0,1,0,0,0,1
149,7,3,10,50,0,0,0,0,0,0,0,0,0,1,0,0,0,1
210,26,0,26,78,0,0,0,0,0,0,0,0,0,1,0,0,0,1
387,2,0,2,52,0,0,0,0,0,0,0,0,0,1,0,0,0,1
60,5,2,7,81,0,0,0,0,0,0,0,0,0,1,0,0,0,1
52,3,3,6,81,0,0,0,0,0,0,0,0,0,1,0,0,0,1
0,1,1,2,81,0,0,0,0,0,0,0,0,0,1,0,0,0,1
193,4,4,8,81,0,0,0,0,0,0,0,0,0,1,0,0,0,1
28,8,0,8,89,0,0,0,0,0,0,0,0,0,1,0,0,0,1
19,2,2,4,89,0,0,0,0,0,0,0,0,0,1,0,0,0,1
3709,1,1,2,89,0,0,0,0,0,0,0,0,0,1,0,0,0,1
24,1,1,2,89,0,0,0,0,0,0,0,0,0,1,0,0,0,1
241,1,35,36,55,0,0,0,0,0,0,0,0,0,1,0,0,0,1
49,4,4,8,55,0,0,0,0,0,0,0,0,0,1,0,0,0,1
200,1,1,2,55,0,0,0,0,0,0,0,0,0,1,0,0,0,1
1379,9,0,9,64,0,0,0,0,0,0,0,0,0,1,0,0,0,1
823,10,0,10,74,0,0,0,0,0,0,0,0,0,1,0,0,0,1
4495,3,3,6,74,0,0,0,0,0,0,0,0,0,1,0,0,0,1
6649,4,8,12,70,0,0,0,0,0,0,0,0,0,1,0,0,0,1
0,0,5,5,69,0,0,0,0,0,0,0,0,0,1,0,0,0,1
3332,1,0,1,66,0,0,0,0,0,0,0,0,0,1,0,0,0,1
6,1,1,2,66,0,0,0,0,0,0,0,0,0,1,0,0,0,1
287,10,10,20,66,0,0,0,0,0,0,0,0,0,1,0,0,0,1
0,43,0,43,43,0,0,0,0,0,0,0,0,1,1,0,0,0,1
822,0,43,43,43,0,0,0,0,0,0,0,0,0,0,0,0,0,0
0,87,0,87,87,0,0,0,0,0,0,0,0,1,1,0,0,0,1
16,6,5,11,88,0,0,0,0,0,0,0,0,1,1,0,0,0,1
881,56,67,123,77,0,0,0,0,0,0,0,0,1,1,0,0,0,1
132,2,0,2,79,0,0,0,0,0,0,0,0,1,1,0,0,0,1
193,7,4,11,82,0,0,0,0,0,0,0,0,1,1,0,0,0,1
0,1,1,2,82,0,0,0,0,0,0,0,0,1,1,0,0,0,1
0,1,1,2,82,0,0,0,0,0,0,0,0,1,1,0,0,0,1
1,1,1,2,82,0,0,0,0,0,0,0,0,1,1,0,0,0,1
61,1,1,2,82,0,0,0,0,0,0,0,0,1,1,0,0,0,1
1709,3,2,5,83,0,0,0,0,0,0,0,0,1,1,0,0,0,1
891,2,4,6,81,0,0,0,0,0,0,0,0,1,1,0,0,0,1
1,1,1,2,81,0,0,0,0,0,0,0,0,1,1,0,0,0,1
829,1,2,3,80,0,0,0,0,0,0,0,0,1,1,0,0,0,1
13798,4,4,8,80,0,0,0,0,0,0,0,0,1,1,0,0,0,1
3688,16,16,32,80,0,0,0,0,0,0,0,0,1,1,0,0,0,1
0,41,0,41,41,0,0,0,0,0,0,0,0,0,1,0,0,0,1
874,26,23,49,44,0,0,0,0,0,0,0,0,0,1,0,0,0,1
7,0,44,44,44,0,0,0,0,0,0,0,0,0,0,0,0,0,0
0,42,0,42,42,0,0,0,0,0,0,0,0,0,1,0,0,0,1
882,0,42,42,42,0,0,0,0,0,0,0,0,0,0,0,0,0,0
0,39,0,39,39,0,0,0,0,0,0,0,0,0,0,0,0,0,0
15,4,7,11,36,0,0,0,0,0,0,0,0,0,0,0,0,0,0
73,1,1,2,36,0,0,0,0,0,0,0,0,0,0,0,0,0,0
332,26,26,52,36,0,0,0,0,0,0,0,0,0,0,0,0,0,0
245,2,0,2,38,0,0,0,0,0,0,0,0,0,0,0,0,0,0
1965,3,2,5,39,0,0,0,0,0,0,0,0,0,0,0,0,0,0
15519,1,1,2,39,0,0,0,0,0,0,0,0,0,0,0,0,0,0
3688,10,10,20,39,0,0,0,0,0,0,0,0,0,0,0,0,0,0
0,70,0,70,70,0,0,0,0,0,0,0,0,1,1,0,0,0,1
575,1,1,2,70,0,0,0,0,0,0,0,0,1,1,0,0,0,1
381,67,65,132,72,0,0,0,0,0,0,0,0,1,1,0,0,0,1
235,22,1,23,93,0,0,0,0,0,0,0,0,1,1,0,0,0,1
3,2,0,2,95,0,0,0,0,0,0,0,0,1,1,0,0,0,1
0,17,17,34,95,0,0,0,0,0,0,0,0,1,1,0,0,0,1
0,4,4,8,95,0,0,0,0,0,0,0,0,1,1,0,0,0,1
0,1,1,2,95,0,0,0,0,0,0,0,0,1,1,0,0,0,1
0,5,4,9,96,0,0,0,0,0,0,0,0,1,1,0,0,0,1
71,11,5,16,102,0,0,0,0,0,0,0,0,1,1,0,0,0,1
182,4,3,7,103,0,0,0,0,0,0,0,0,1,1,0,0,0,1
3,19,9,28,113,0,0,0,0,0,0,0,0,1,1,0,0,0,1
1448,3,2,5,114,0,0,0,0,0,0,0,0,1,1,0,0,0,1
260,4,4,8,114,0,0,0,0,0,0,0,0,1,1,0,0,0,1
1896,23,6,29,131,0,0,0,0,0,0,0,0,1,1,0,0,0,1
2797,3,0,3,134,0,0,0,0,0,0,0,0,1,1,0,0,0,1
10827,5,5,10,134,0,0,0,0,0,0,0,0,1,1,0,0,0,1
3688,34,35,69,133,0,0,0,0,0,0,0,0,1,1,0,0,0,1
0,40,0,40,40,0,0,0,0,0,0,0,0,0,1,0,0,0,1
388,0,40,40,40,0,0,0,0,0,0,0,0,0,0,0,0,0,0
0,41,0,41,41,0,0,0,0,0,0,0,0,0,1,0,0,0,1
97,2,1,3,42,0,0,0,0,0,0,0,0,0,1,0,0,0,1
290,0,42,42,42,0,0,0,0,0,0,0,0,0,0,0,0,0,0
0,41,0,41,41,0,0,0,0,0,0,0,0,0,1,0,0,0,1
97,2,1,3,42,0,0,0,0,0,0,0,0,0,1,0,0,0,1
290,0,42,42,42,0,0,0,0,0,0,0,0,0,0,0,0,0,0
0,41,0,41,41,0,0,0,0,0,0,0,0,0,1,0,0,0,1
97,1,1,2,41,0,0,0,0,0,0,0,0,0,1,0,0,0,1
0,2,1,3,42,0,0,0,0,0,0,0,0,0,1,0,0,0,1
290,0,42,42,42,0,0,0,0,0,0,0,0,0,0,0,0,0,0
0,41,0,41,41,0,0,0,0,0,0,0,0,0,1,0,0,0,1
97,1,1,2,41,0,0,0,0,0,0,0,0,0,1,0,0,0,1
290,0,41,41,41,0,0,0,0,0,0,0,0,0,0,0,0,0,0
0,41,0,41,41,0,0,0,0,0,0,0,0,0,1,0,0,0,1
97,2,1,3,42,0,0,0,0,0,0,0,0,0,1,0,0,0,1
290,0,42,42,42,0,0,0,0,0,0,0,0,0,0,0,0,0,0
0,41,0,41,41,0,0,0,0,0,0,0,0,0,1,0,0,0,1
388,0,41,41,41,0,0,0,0,0,0,0,0,0,0,0,0,0,0
0,41,0,41,41,0,0,0,0,0,0,0,0,0,1,0,0,0,1
97,1,1,2,41,0,0,0,0,0,0,0,0,0,1,0,0,0,1
290,0,41,41,41,0,0,0,0,0,0,0,0,0,0,0,0,0,0
0,41,0,41,41,0,0,0,0,0,0,0,0,0,1,0,0,0,1
0,2,1,3,42,0,0,0,0,0,0,0,0,0,1,0,0,0,1
290,0,42,42,42,0,0,0,0,0,0,0,0,0,0,0,0,0,0
0,41,0,41,41,0,0,0,0,0,0,0,0,0,1,0,0,0,1
0,3,2,5,42,0,0,0,0,0,0,0,0,0,1,0,0,0,1
290,0,42,42,42,0,0,0,0,0,0,0,0,0,0,0,0,0,0
0,41,0,41,41,0,0,0,0,0,0,0,0,0,1,0,0,0,1
0,3,2,5,42,0,0,0,0,0,0,0,0,0,1,0,0,0,1
290,0,42,42,42,0,0,0,0,0,0,0,0,0,0,0,0,0,0
0,41,0,41,41,0,0,0,0,0,0,0,0,0,1,0,0,0,1
0,2,1,3,42,0,0,0,0,0,0,0,0,0,1,0,0,0,1
290,0,42,42,42,0,0,0,0,0,0,0,0,0,0,0,0,0,0
0,54,0,54,54,0,0,0,0,0,0,0,0,0,1,0,0,0,1
4824,0,54,54,54,0,0,0,0,0,0,0,0,0,0,0,0,0,0
0,81,0,81,81,0,0,0,0,0,0,0,0,1,1,0,0,0,1
133,2,0,2,83,0,0,0,0,0,0,0,0,1,1,0,0,0,1
1,18,16,34,85,0,0,0,0,0,0,0,0,1,1,0,0,0,1
1964,5,3,8,87,0,0,0,0,0,0,0,0,1,1,0,0,0,1
1722,1,1,2,87,0,0,0,0,0,0,0,0,1,1,0,0,0,1
9966,6,2,8,91,0,0,0,0,0,0,0,0,1,1,0,0,0,1
3831,3,3,6,91,0,0,0,0,0,0,0,0,1,1,0,0,0,1
3688,28,26,54,93,0,0,0,0,0,0,0,0,1,1,0,0,0,1
0,130,0,130,130,0,0,0,0,0,0,0,0,1,1,0,0,0,1
15,13,19,32,124,0,0,0,0,0,0,0,0,1,1,0,0,0,1
1945,5,3,8,126,0,0,0,0,0,0,0,0,1,1,0,0,0,1
1722,0,1,1,125,0,0,0,0,0,0,0,0,1,1,0,0,0,1
9966,6,2,8,129,0,0,0,0,0,0,0,0,1,1,0,0,0,1
3831,41,39,80,131,0,0,0,0,0,1,0,0,1,1,0,0,0,1
3688,35,35,70,131,0,0,0,0,0,1,0,0,1,1,0,0,0,1
0,72,0,72,72,0,0,0,0,0,0,0,0,1,1,0,0,0,1
12,10,4,14,78,0,0,0,0,0,0,0,0,1,1,0,0,0,1
182,4,3,7,79,0,0,0,0,0,0,0,0,1,1,0,0,0,1
3,19,9,28,89,0,0,0,0,0,0,0,0,1,1,0,0,0,1
340,41,24,65,106,0,0,0,0,0,0,0,0,1,1,0,0,0,1
13,8,5,13,109,0,0,0,0,0,0,0,0,1,1,0,0,0,1
170,16,1,17,124,0,0,0,0,0,0,0,0,1,1,0,0,0,1
0,3,0,3,127,0,0,0,0,0,0,0,0,1,1,0,0,0,1
0,9,2,11,134,0,0,0,0,0,0,0,0,1,1,0,0,0,1
10,28,22,50,140,0,0,0,0,0,0,0,0,1,1,0,0,0,1
0,19,21,40,138,0,0,0,0,0,0,0,0,1,1,0,0,0,1
90,60,28,88,170,0,0,0,0,0,1,0,0,1,1,0,0,0,1
824,3,2,5,171,0,0,0,0,0,1,0,0,1,1,0,0,0,1
260,4,4,8,171,0,0,0,0,0,1,0,0,1,1,0,0,0,1
881,48,95,143,124,0,0,0,0,0,1,0,0,1,1,0,0,0,1
841,3,2,5,125,0,0,0,0,0,1,0,0,1,1,0,0,0,1
146,2,2,4,125,0,0,0,0,0,1,0,0,1,1,0,0,0,1
5255,5,5,10,125,0,0,0,0,0,1,0,0,1,1,0,0,0,1
1963,10,5,15,130,0,0,0,0,0,1,0,0,1,1,0,0,0,1
6433,5,5,10,130,0,0,0,0,0,1,0,0,1,1,0,0,0,1
3688,17,18,35,129,0,0,0,0,0,1,0,0,1,1,0,0,0,1
0,27,0,27,27,0,0,0,0,0,0,0,0,0,0,0,0,0,0
2,2,5,7,24,0,0,0,0,0,0,0,0,0,0,0,0,0,0
720,14,4,18,34,0,0,0,0,0,0,0,0,0,0,0,0,0,0
1,1,1,2,34,0,0,0,0,0,0,0,0,0,0,0,0,0,0
445,26,4,30,56,0,0,0,0,0,0,0,0,0,0,0,0,0,0
15050,1,0,1,57,0,0,0,0,0,0,0,0,0,0,0,0,0,0
3688,1,1,2,57,0,0,0,0,0,0,0,0,0,0,0,0,0,0
0,22,0,22,22,0,0,0,0,0,0,0,0,0,1,0,0,0,1
0,3,0,3,25,0,0,0,0,0,0,0,0,0,1,0,0,0,1
721,1,1,2,25,0,0,0,0,0,0,0,0,0,1,0,0,0,1
15,1,1,2,25,0,0,0,0,0,0,0,0,0,1,0,0,0,1
105,12,1,13,36,0,0,0,0,0,0,0,0,0,1,0,0,0,1
1578,1,2,3,35,0,0,0,0,0,0,0,0,0,1,0,0,0,1
7748,1,1,2,35,0,0,0,0,0,0,0,0,0,1,0,0,0,1
6050,1,1,2,35,0,0,0,0,0,0,0,0,0,1,0,0,0,1
3688,6,7,13,34,0,0,0,0,0,0,0,0,0,1,0,0,0,1
0,44,0,44,44,0,0,0,0,0,0,0,0,0,1,0,0,0,1
47,22,8,30,58,0,0,0,0,0,0,0,0,0,1,0,0,0,1
347,5,4,9,59,0,0,0,0,0,0,0,0,1,1,0,0,0,1
4245,12,3,15,68,0,0,0,0,0,0,0,0,1,1,0,0,0,1
38,10,2,12,76,0,0,0,0,0,0,0,0,1,1,0,0,0,1
11496,3,3,6,76,0,0,0,0,0,0,0,0,1,1,0,0,0,1
3688,9,12,21,73,0,0,0,0,0,0,0,0,1,1,0,0,0,1
0,47,0,47,47,0,0,0,0,0,0,0,0,0,0,0,0,0,0
0,29,24,53,52,0,0,0,0,0,0,0,0,0,0,0,0,0,0
3,1,1,2,47,0,0,0,0,0,0,0,0,0,0,0,0,0,0
77,3,1,4,54,0,0,0,0,0,0,0,0,0,0,0,0,0,0
164,2,2,4,54,0,0,0,0,0,0,0,0,0,0,0,0,0,0
12,25,0,25,79,0,0,0,0,1,0,0,0,0,0,0,0,0,1
176,0,0,0,79,0,0,0,0,1,0,0,0,0,0,0,0,0,1
14,0,0,0,79,0,0,0,0,1,0,0,0,0,0,0,0,0,1
654,3,2,5,80,0,0,0,0,1,0,0,0,0,0,0,0,0,1
1722,0,1,1,79,0,0,0,0,1,0,0,0,0,0,0,0,0,1
4543,10,0,10,89,0,0,0,0,1,0,0,0,0,0,0,0,0,1
2668,29,0,29,118,0,0,0,0,1,0,0,0,0,0,0,0,0,1
6587,1,1,2,118,0,0,0,0,1,0,0,0,0,0,0,0,0,1
3688,14,15,29,117,0,0,0,0,1,0,0,0,0,0,0,0,0,1
0,83,0,83,83,0,0,0,0,0,0,0,0,0,1,0,0,0,1
53,5,6,11,82,0,0,0,0,0,0,0,0,0,1,0,0,0,1
24,8,13,21,77,0,0,0,0,0,0,0,0,0,1,0,0,0,1
13,5,5,10,77,0,0,0,0,0,0,0,0,0,1,0,0,0,1
230,3,2,5,78,0,0,0,0,0,0,0,0,1,1,0,0,0,1
260,2,2,4,78,0,0,0,0,0,0,0,0,1,1,0,0,0,1
645,2,2,4,78,0,0,0,0,0,0,0,0,1,1,0,0,0,1
1,51,25,76,104,0,0,0,0,0,0,0,0,1,1,0,0,0,1
2691,8,3,11,109,0,0,0,0,0,0,0,0,1,1,0,0,0,1
12182,3,3,6,109,0,0,0,0,0,0,0,0,1,1,0,0,0,1
3688,21,24,45,106,0,0,0,0,0,0,0,0,1,1,0,0,0,1
0,28,0,28,28,0,0,0,0,0,0,0,0,0,0,0,0,0,0
1,24,18,42,34,0,0,0,0,0,0,0,0,0,0,0,0,0,0
14,4,2,6,36,0,0,0,0,0,0,0,0,0,0,0,0,0,0
430,1,0,1,37,0,0,0,0,0,0,0,0,0,0,0,0,0,0
1252,10,10,20,37,0,0,0,0,0,0,0,0,0,0,0,0,0,0
13798,4,4,8,37,0,0,0,0,0,0,0,0,0,0,0,0,0,0
3688,2,2,4,37,0,0,0,0,0,0,0,0,0,0,0,0,0,0
0,25,0,25,25,0,0,0,0,0,0,0,0,0,1,0,0,0,1
0,1,1,2,25,0,0,0,0,0,0,0,0,0,1,0,0,0,1
2,24,15,39,34,0,0,0,0,0,0,0,0,1,0,0,0,0,1
8068,39,1,40,71,0,0,0,0,0,0,0,0,1,0,0,0,0,1
3609,14,0,14,85,0,0,0,0,0,0,0,0,1,0,0,0,0,1
2621,2,2,4,86,0,0,0,0,0,0,0,0,1,0,0,0,0,1
1168,2,2,4,86,0,0,0,0,0,0,0,0,1,0,0,0,0,1
3688,17,18,35,85,0,0,0,0,0,0,0,0,1,0,0,0,0,1
0,79,0,79,79,0,0,0,0,0,0,0,0,0,1,0,0,0,1
1670,2,2,4,79,0,0,0,0,0,0,0,0,0,1,0,0,0,1
17486,18,18,36,79,0,0,0,0,0,0,0,0,0,1,0,0,0,1
0,133,0,133,133,0,0,0,0,0,0,0,1,0,1,0,0,0,1
447,22,4,26,151,0,0,0,0,1,0,0,1,0,1,0,0,0,1
811,1,1,2,151,0,0,0,0,1,0,0,1,0,1,0,0,0,1
259,4,2,6,153,0,0,0,0,1,0,0,1,0,1,0,0,0,1
965,2,2,4,153,0,0,0,0,1,0,0,1,0,1,0,0,0,1
466,1,1,2,153,0,0,0,0,1,0,0,1,0,1,0,0,0,1
3322,19,4,23,168,0,0,0,0,1,0,0,1,0,1,0,0,0,1
4693,1,1,2,168,0,0,0,0,1,0,0,1,0,1,0,0,0,1
7976,5,6,11,167,0,0,0,0,1,0,0,1,0,1,0,0,0,1
0,108,0,108,108,0,0,0,0,1,0,0,0,1,1,0,0,0,1
24,6,6,12,108,0,0,0,0,1,0,0,0,1,1,0,0,0,1
25,17,4,21,121,0,0,0,0,1,0,0,0,1,1,0,0,0,1
287,20,15,35,126,0,0,0,0,1,0,0,1,1,1,0,0,0,1
1006,1,2,3,125,0,0,0,0,1,0,0,1,1,1,0,0,0,1
631,20,0,20,145,0,0,0,0,1,0,0,1,1,1,0,0,0,1
174,7,10,17,142,0,0,0,0,1,0,0,1,1,1,0,0,0,1
224,15,15,30,142,0,0,0,0,1,0,0,1,1,1,0,0,0,1
292,2,0,2,144,0,0,0,0,1,0,0,1,1,1,0,0,0,1
629,5,2,7,147,0,0,0,0,1,0,0,1,1,1,0,0,0,1
914,1,1,2,147,0,0,0,0,1,0,0,1,1,1,0,0,0,1
6647,1,1,2,147,0,0,0,0,1,0,0,1,1,1,0,0,0,1
7683,1,0,1,148,0,0,0,0,1,0,0,1,1,1,0,0,0,1
6,1,1,2,148,0,0,0,0,1,0,0,1,1,1,0,0,0,1
287,21,21,42,148,0,0,0,0,1,0,0,1,1,1,0,0,0,1
0,29,0,29,29,0,0,0,0,0,0,0,0,0,0,0,0,0,0
3057,2,2,4,29,0,0,0,0,0,0,0,0,0,0,0,0,0,0
12040,20,16,36,33,0,0,0,0,0,0,0,0,1,0,0,0,0,1
3688,9,9,18,33,0,0,0,0,0,0,0,0,1,0,0,0,0,1
0,104,0,104,104,0,0,0,0,0,0,0,1,0,1,0,0,0,1
4,19,19,38,104,0,0,0,0,0,0,0,1,0,1,0,0,0,1
44,1,1,2,104,0,0,0,0,0,0,0,1,0,1,0,0,0,1
166,13,8,21,109,0,0,0,0,0,0,0,1,0,1,0,0,0,1
987,1,1,2,109,0,0,0,0,0,0,0,1,0,1,0,0,0,1
368,1,1,2,109,0,0,0,0,0,0,0,1,0,1,0,0,0,1
515,2,2,4,109,0,0,0,0,0,0,0,1,0,1,0,0,0,1
6309,3,0,3,112,0,0,0,0,0,0,0,1,0,1,0,0,0,1
2173,1,1,2,112,0,0,0,0,0,0,0,1,0,1,0,0,0,1
7683,1,0,1,113,0,0,0,0,0,0,0,1,0,1,0,0,0,1
6,1,1,2,113,0,0,0,0,0,0,0,1,0,1,0,0,0,1
287,6,7,13,112,0,0,0,0,0,0,0,1,0,1,0,0,0,1
0,146,0,146,146,0,0,0,0,0,0,0,1,0,1,0,0,0,1
2,1,1,2,146,0,0,0,0,0,0,0,1,0,1,0,0,0,1
334,4,1,5,149,0,0,0,0,0,0,0,1,0,1,0,0,0,1
2,3,3,6,149,0,0,0,0,0,0,0,1,0,1,0,0,0,1
107,1,0,1,147,0,0,0,0,0,0,0,1,0,1,0,0,0,1
4,8,1,9,154,0,0,0,0,0,0,0,1,0,1,0,0,0,1
51,1,4,5,146,0,0,0,0,0,0,0,1,0,1,0,0,0,1
1,3,3,6,154,0,0,0,0,0,0,0,1,0,1,0,0,0,1
1718,2,1,3,155,0,0,0,0,0,0,0,1,0,1,0,0,0,1
284,13,15,28,153,0,0,0,0,0,0,0,1,0,1,0,0,0,1
785,2,1,3,154,0,0,0,0,0,0,0,1,0,1,0,0,0,1
1377,0,1,1,153,0,0,0,0,0,0,0,1,0,1,0,0,0,1
1555,1,1,2,153,0,0,0,0,0,0,0,1,0,1,0,0,0,1
19,1,1,2,153,0,0,0,0,0,0,0,1,0,1,0,0,0,1
8831,5,1,6,157,0,0,0,0,0,0,0,1,0,1,0,0,0,1
3425,7,10,17,154,0,0,0,0,0,0,0,1,0,1,0,0,0,1
0,149,0,149,149,0,0,0,0,0,0,0,0,1,1,0,0,0,1
14638,3,2,5,150,0,0,0,0,0,0,0,0,1,1,0,0,0,1
3688,10,13,23,147,0,0,0,0,0,0,0,0,1,1,0,0,0,1
0,65,0,65,65,0,0,0,0,0,1,0,0,0,1,0,0,0,1
1,0,3,3,62,0,0,0,0,0,1,0,0,0,0,0,0,0,1
162,0,4,4,58,0,0,0,0,0,1,0,0,0,0,0,0,0,1
2,0,4,4,54,0,0,0,0,0,1,0,0,0,0,0,0,0,1
180,1,2,3,53,0,0,0,0,0,1,0,0,0,0,0,0,0,1
12664,7,2,9,58,0,0,0,0,0,1,0,0,0,0,0,0,0,1
1133,1,1,2,58,0,0,0,0,0,1,0,0,0,0,0,0,0,1
545,11,0,11,69,0,0,0,0,0,1,0,0,0,0,0,0,0,1
685,1,1,2,69,0,0,0,0,0,1,0,0,0,0,0,0,0,1
1801,11,0,11,80,0,0,0,0,0,1,0,0,0,0,0,0,0,1
369,25,10,35,95,0,0,0,0,0,1,0,0,0,1,0,0,0,1
111,47,0,47,142,0,0,0,0,0,1,0,0,0,1,0,0,0,1
177,1,0,1,143,0,0,0,0,0,1,0,0,0,1,0,0,0,1
1,29,25,54,147,0,0,0,0,0,1,0,0,0,1,0,0,0,1
0,110,0,110,110,0,0,0,0,0,0,0,0,0,1,0,0,0,1
48,37,0,37,147,0,0,0,0,0,0,0,0,0,1,0,0,0,1
29,26,64,90,109,0,0,0,0,0,0,0,0,0,1,0,0,0,1
0,8,4,12,113,0,0,0,0,0,0,0,0,0,1,0,0,0,1
3,2,2,4,113,0,0,0,0,0,0,0,0,0,1,0,0,0,1
37,19,2,21,130,0,0,0,0,0,0,0,0,0,1,0,0,0,1
634,1,1,2,130,0,0,0,0,0,0,0,0,0,1,0,0,0,1
13284,47,44,91,133,0,0,0,0,0,1,0,0,0,1,0,0,0,1
3688,27,27,54,133,0,0,0,0,0,1,0,0,0,1,0,0,0,1
0,35,0,35,35,0,0,0,0,0,0,0,0,0,1,0,0,0,1
2802,84,15,99,104,0,0,0,0,0,0,0,0,0,1,0,0,0,1
11082,10,8,18,106,0,0,0,0,0,0,0,0,0,1,0,0,0,1
3688,9,13,22,102,0,0,0,0,0,0,0,0,0,1,0,0,0,1
0,191,0,191,191,0,0,0,0,0,0,0,0,0,1,0,0,0,1
1,27,10,37,208,0,0,0,0,0,0,0,0,0,1,0,0,0,1
0,1,4,5,205,0,0,0,0,0,0,0,0,0,1,0,0,0,1
20,6,6,12,205,0,0,0,0,0,0,0,0,0,1,0,0,0,1
5285,41,31,72,215,0,0,0,0,0,0,0,0,0,1,0,0,0,1
2,38,39,77,214,0,0,0,0,0,0,0,0,0,1,0,0,0,1
1826,3,2,5,215,0,0,0,0,0,0,0,0,0,1,0,0,0,1
10286,5,15,20,205,0,0,0,0,0,0,0,0,0,1,0,0,0,1
0,172,0,172,172,0,0,0,0,0,0,0,0,0,0,0,0,0,0
265,3,0,3,175,0,0,0,0,0,0,0,0,0,1,0,0,0,1
13466,1,1,2,175,0,0,0,0,0,0,0,0,0,1,0,0,0,1
0,52,0,52,52,0,0,0,0,0,0,0,0,0,0,0,0,0,0
5087,3,3,6,52,0,0,0,0,0,0,0,0,0,0,0,0,0,0
8424,5,4,9,53,0,0,0,0,0,0,0,0,0,1,0,0,0,1
3688,11,11,22,53,0,0,0,0,0,0,0,0,0,1,0,0,0,1
0,51,0,51,51,0,0,0,0,0,0,0,0,1,1,0,0,0,1
15870,2,3,5,50,0,0,0,0,0,0,0,0,1,1,0,0,0,1
0,173,0,173,173,0,0,0,0,0,0,0,1,0,1,0,0,0,1
3,20,10,30,183,0,0,0,0,0,0,0,1,0,1,0,0,0,1
3098,1,1,2,183,0,0,0,0,0,0,0,1,0,1,0,0,0,1
498,14,16,30,181,0,0,0,0,0,0,0,1,0,1,0,0,0,1
2,2,5,7,178,0,0,0,0,0,0,0,1,0,1,0,0,0,1
381,0,2,2,176,0,0,0,0,0,0,0,1,0,1,0,0,0,1
11608,25,26,51,175,0,0,0,0,0,0,0,1,0,1,0,0,0,1
0,78,0,78,78,0,0,0,0,0,0,0,0,0,0,0,0,0,0
24,19,36,55,61,0,0,0,0,0,0,0,0,0,0,0,0,0,0
6286,1,1,2,61,0,0,0,0,0,0,0,0,0,0,0,0,0,0
823,20,0,20,81,0,0,0,0,0,0,0,0,0,0,0,0,0,0
2865,17,14,31,84,0,0,0,0,0,0,0,0,0,0,0,0,0,0
0,34,0,34,34,0,0,0,0,0,0,0,0,0,1,0,0,0,1
5798,5,2,7,37,0,0,0,0,0,0,0,0,0,1,0,0,0,1
3688,2,3,5,36,0,0,0,0,0,0,0,0,0,1,0,0,0,1
0,30,0,30,30,0,0,0,0,0,0,0,0,0,1,0,0,0,1
4392,5,2,7,33,0,0,0,0,0,0,0,0,0,1,0,0,0,1
3688,6,6,12,33,0,0,0,0,0,0,0,0,0,1,0,0,0,1
0,52,0,52,51,0,0,0,0,0,0,0,0,0,0,0,0,0,0
0,5,5,10,52,0,0,0,0,0,0,0,0,0,0,0,0,0,0
