time,prevBugs,smelly,event
265,0,0,1
0,1,0,1
0,1,0,1
0,1,0,1
0,1,0,1
0,1,0,1
245,0,1,1
0,1,1,1
0,1,1,1
0,1,1,1
0,1,0,1
0,1,1,1
20,1,1,1
0,1,1,1
0,1,1,1
0,1,0,1
0,1,1,1
0,1,1,1
0,1,1,1
0,1,0,1
0,1,1,1
0,1,1,1
0,1,1,1
0,1,1,1
145,1,1,1
0,1,1,1
0,1,1,1
0,1,1,1
0,1,1,1
0,1,0,1
6477,0,0,1
0,1,0,1
0,1,0,1
0,1,0,1
0,1,0,1
0,1,0,1
4038,0,0,1
0,1,0,1
0,1,0,1
0,1,0,1
0,1,0,1
0,1,0,1
3751,0,0,1
0,1,1,1
0,1,1,1
0,1,1,1
0,1,0,1
0,1,0,1
166,1,1,1
0,1,1,1
0,1,0,1
0,1,1,1
0,1,0,1
0,1,0,1
51,1,1,1
0,1,0,1
0,1,0,1
0,1,1,1
0,1,0,1
0,1,1,1
143,0,0,1
0,1,0,1
0,1,0,1
0,1,0,1
0,1,0,1
0,1,0,1
876,0,0,1
0,1,0,1
0,1,0,1
0,1,0,1
0,1,0,1
0,1,0,1
21292,1,0,1
0,1,1,1
0,1,0,1
0,1,1,1
0,1,1,1
0,1,0,1
13215,1,0,1
0,1,0,1
0,1,0,1
0,1,1,1
0,1,0,1
0,1,1,1
3016,1,0,1
0,1,0,1
0,1,1,1
0,1,1,1
0,1,1,1
0,1,1,1
7677,1,1,1
0,1,1,1
0,1,1,1
0,1,0,1
0,1,1,1
0,1,0,1
2629,0,1,1
0,1,1,1
0,1,1,1
0,1,1,1
0,1,1,1
0,1,1,1
265,0,1,1
0,1,1,1
0,1,1,1
0,1,1,1
0,1,1,1
0,1,1,1
0,1,1,1
0,1,1,1
0,1,1,1
0,1,1,1
0,1,1,1
0,1,1,1
121,1,1,1
0,1,1,1
0,1,1,1
0,1,1,1
0,1,1,1
0,1,1,1
26,1,1,1
0,1,1,1
0,1,1,1
0,1,1,1
0,1,1,1
0,1,1,1
0,1,1,1
0,1,1,1
0,1,1,1
0,1,1,1
0,1,1,1
0,1,1,1
1,1,1,1
0,1,1,1
0,1,1,1
0,1,1,1
0,1,1,1
0,1,1,1
306,1,1,1
0,1,1,1
0,1,1,1
0,1,1,1
0,1,1,1
0,1,1,1
458,1,1,1
0,1,1,1
0,1,1,1
0,1,1,1
0,1,1,1
0,1,1,1
341,1,1,1
0,1,1,1
0,1,1,1
0,1,1,1
0,1,1,1
0,1,1,1
44,1,1,1
0,1,1,1
0,1,1,1
0,1,1,1
0,1,1,1
0,1,1,1
26,1,1,1
0,1,1,1
0,1,1,1
0,1,1,1
0,1,1,1
0,1,1,1
24,1,1,1
0,1,1,1
0,1,1,1
0,1,1,1
0,1,1,1
0,1,1,1
0,1,1,1
0,1,1,1
0,1,1,1
0,1,1,1
0,1,1,1
0,1,1,1
1100,1,1,1
0,1,1,1
0,1,1,1
0,1,1,1
0,1,1,1
0,1,1,1
719,1,1,1
0,1,1,1
0,1,1,1
0,1,1,1
0,1,1,1
0,1,1,1
95,1,1,1
0,1,1,1
0,1,1,1
0,1,1,1
0,1,1,1
0,1,1,1
2712,0,1,1
0,1,1,1
0,1,0,1
0,1,1,1
0,1,1,1
0,1,0,1
413,0,0,1
0,1,0,1
0,1,0,1
0,1,0,1
0,1,0,1
0,1,0,1
5062,1,1,1
0,1,1,1
0,1,1,1
0,1,1,1
0,1,1,1
0,1,1,1
97,1,1,1
0,1,1,1
0,1,1,1
0,1,1,1
0,1,1,1
0,1,1,1
1,1,1,1
0,1,1,1
0,1,1,1
0,1,1,1
0,1,1,1
0,1,1,1
620,1,1,1
0,1,1,1
0,1,1,1
0,1,1,1
0,1,0,1
0,1,1,1
527,1,1,1
0,1,0,1
0,1,1,1
0,1,1,1
0,1,1,1
0,1,1,1
741,1,1,1
0,1,0,1
0,1,1,1
0,1,1,1
0,1,1,1
0,1,1,1
98,1,1,1
0,1,1,1
0,1,1,1
0,1,0,1
0,1,0,1
0,1,1,1
97,1,0,1
0,1,1,1
0,1,1,1
0,1,1,1
0,1,1,1
0,1,1,1
266,1,1,1
0,1,1,1
0,1,1,1
0,1,1,1
0,1,1,1
0,1,0,1
390,0,1,1
0,1,1,1
0,1,0,1
0,1,1,1
0,1,1,1
0,1,1,1
262,1,1,1
0,1,0,1
0,1,1,1
0,1,1,1
0,1,1,1
0,1,1,1
863,0,0,1
0,1,1,1
0,1,1,1
0,1,0,1
0,1,1,1
0,1,1,1
241,1,1,1
0,1,1,1
0,1,1,1
0,1,0,1
0,1,1,1
0,1,1,1
340,0,1,1
0,1,0,1
0,1,1,1
0,1,0,1
0,1,1,1
0,1,1,1
306,1,1,1
0,1,1,1
0,1,0,1
0,1,0,1
0,1,1,1
0,1,1,1
848,1,1,1
0,1,1,1
0,1,0,1
0,1,1,1
0,1,1,1
0,1,1,1
191,1,1,1
0,1,1,1
0,1,1,1
0,1,1,1
0,1,1,1
0,1,0,1
953,1,1,1
0,1,0,1
0,1,1,1
0,1,1,1
0,1,1,1
0,1,1,1
719,1,1,1
0,1,1,1
0,1,1,1
0,1,1,1
0,1,0,1
0,1,1,1
333,0,1,1
0,1,1,1
0,1,1,1
0,1,1,1
0,1,0,1
0,1,1,1
695,0,0,1
0,1,0,1
0,1,0,1
0,1,0,1
0,1,0,1
0,1,0,1
3,0,1,1
0,1,1,1
0,1,1,1
0,1,0,1
0,1,1,1
0,1,1,1
1323,1,1,1
0,1,1,1
0,1,1,1
0,1,0,1
0,1,0,1
0,1,1,1
3,0,0,1
0,1,0,1
0,1,0,1
0,1,0,1
0,1,0,1
0,1,0,1
476,0,1,1
0,1,0,1
0,1,0,1
0,1,1,1
0,1,1,1
0,1,0,1
6,1,0,1
0,1,0,1
0,1,0,1
0,1,1,1
0,1,1,1
0,1,0,1
475,0,0,1
0,1,1,1
0,1,1,1
0,1,0,1
0,1,0,1
0,1,1,1
475,0,0,1
0,1,0,1
0,1,0,1
0,1,0,1
0,1,0,1
0,1,0,1
3,0,1,1
0,1,0,1
0,1,0,1
0,1,0,1
0,1,0,1
0,1,0,1
1320,1,0,1
0,1,0,1
0,1,0,1
0,1,0,1
0,1,0,1
0,1,1,1
0,0,1,1
0,1,0,1
0,1,0,1
0,1,1,1
0,1,0,1
0,1,0,1
0,0,0,1
0,1,0,1
0,1,0,1
0,1,0,1
0,1,0,1
0,1,0,1
1365,1,0,1
0,1,0,1
0,1,0,1
0,1,0,1
0,1,0,1
0,1,0,1
1914,1,0,1
0,1,0,1
0,1,0,1
0,1,0,1
0,1,0,1
0,1,0,1
166,0,0,1
0,1,0,1
0,1,0,1
0,1,0,1
0,1,0,1
0,1,0,1
3262,0,1,1
0,1,0,1
0,1,1,1
0,1,1,1
0,1,1,1
0,1,1,1
2446,0,1,1
0,1,1,1
0,1,1,1
0,1,0,1
0,1,1,1
0,1,1,1
2446,0,0,1
0,1,0,1
0,1,0,1
0,1,0,1
0,1,0,1
0,1,0,1
468,0,0,1
0,1,0,1
0,1,0,1
0,1,0,1
0,1,0,1
0,1,0,1
13,0,1,1
0,1,0,1
0,1,1,1
0,1,1,1
0,1,1,1
0,1,1,1
3096,0,1,1
0,1,1,1
0,1,1,1
0,1,1,1
0,1,0,1
0,1,1,1
48,0,1,1
0,1,1,1
0,1,0,1
0,1,1,1
0,1,1,1
0,1,1,1
314,1,1,1
0,1,0,1
0,1,1,1
0,1,1,1
0,1,1,1
0,1,1,1
210,1,1,1
0,1,0,1
0,1,1,1
0,1,1,1
0,1,1,1
0,1,1,1
241,1,1,1
0,1,0,1
0,1,1,1
0,1,1,1
0,1,1,1
0,1,1,1
464,1,1,1
0,1,1,1
0,1,0,1
0,1,1,1
0,1,1,1
0,1,1,1
974,1,0,1
0,1,1,1
0,1,1,1
0,1,1,1
0,1,1,1
0,1,1,1
604,1,1,1
0,1,1,1
0,1,1,1
0,1,1,1
0,1,0,1
0,1,1,1
237,1,1,1
0,1,1,1
0,1,1,1
0,1,1,1
0,1,1,1
0,1,1,1
68,1,1,1
0,1,1,1
0,1,1,1
0,1,1,1
0,1,1,1
0,1,1,1
3,1,1,1
0,1,1,1
0,1,1,1
0,1,1,1
0,1,1,1
0,1,1,1
2955,1,1,1
0,1,0,1
0,1,1,1
0,1,1,1
0,1,1,1
0,1,1,1
22,0,0,1
0,1,0,1
0,1,0,1
0,1,0,1
0,1,0,1
0,1,0,1
550,1,0,1
0,1,0,1
0,1,0,1
0,1,0,1
0,1,0,1
0,1,0,1
0,1,0,1
0,1,0,1
0,1,0,1
0,1,0,1
0,1,0,1
0,1,0,1
704,1,0,1
0,1,0,1
0,1,0,1
0,1,0,1
0,1,0,1
0,1,0,1
1578,1,0,1
0,1,0,1
0,1,0,1
0,1,0,1
0,1,0,1
0,1,0,1
0,1,0,1
0,1,0,1
0,1,0,1
0,1,0,1
0,1,0,1
0,1,0,1
237,1,0,1
0,1,0,1
0,1,0,1
0,1,0,1
0,1,0,1
0,1,0,1
68,1,0,1
0,1,0,1
0,1,0,1
0,1,0,1
0,1,0,1
0,1,0,1
3,1,0,1
0,1,0,1
0,1,0,1
0,1,0,1
0,1,0,1
0,1,0,1
23,0,1,1
0,1,0,1
0,1,1,1
0,1,0,1
0,1,0,1
0,1,1,1
524,1,0,1
0,1,0,1
0,1,0,1
0,1,1,1
0,1,1,1
0,1,1,1
0,0,1,1
0,1,1,1
0,1,0,1
0,1,1,1
0,1,1,1
0,1,1,1
0,1,1,1
0,1,0,1
0,1,1,1
0,1,1,1
0,1,1,1
0,1,1,1
313,1,1,1
0,1,1,1
0,1,1,1
0,1,1,1
0,1,0,1
0,1,1,1
689,1,1,1
0,1,1,1
0,1,1,1
0,1,1,1
0,1,0,1
0,1,1,1
197,1,1,1
0,1,1,1
0,1,1,1
0,1,1,1
0,1,1,1
0,1,0,1
145,1,1,1
0,1,1,1
0,1,1,1
0,1,1,1
0,1,1,1
0,1,0,1
834,1,0,1
0,1,1,1
0,1,1,1
0,1,1,1
0,1,1,1
0,1,1,1
25,1,1,1
0,1,1,1
0,1,1,1
0,1,1,1
0,1,1,1
0,1,1,1
96,1,0,1
0,1,1,1
0,1,1,1
0,1,1,1
0,1,1,1
0,1,1,1
47,1,1,1
0,1,1,1
0,1,1,1
0,1,0,1
0,1,1,1
0,1,1,1
4,1,1,1
0,1,1,1
0,1,0,1
0,1,1,1
0,1,1,1
0,1,1,1
762,1,0,1
0,1,1,1
0,1,1,1
0,1,1,1
0,1,1,1
0,1,1,1
3,1,1,1
0,1,1,1
0,1,1,1
0,1,0,1
0,1,1,1
0,1,1,1
0,0,0,1
0,1,0,1
0,1,0,1
0,1,0,1
0,1,0,1
0,1,0,1
2203,1,0,1
0,1,0,1
0,1,0,1
0,1,0,1
0,1,0,1
0,1,0,1
96,1,0,1
0,1,0,1
0,1,0,1
0,1,0,1
0,1,0,1
0,1,0,1
47,1,0,1
0,1,0,1
0,1,0,1
0,1,0,1
0,1,0,1
0,1,0,1
4,1,0,1
0,1,0,1
0,1,0,1
0,1,0,1
0,1,0,1
0,1,0,1
764,1,0,1
0,1,0,1
0,1,0,1
0,1,0,1
0,1,0,1
0,1,0,1
229,1,0,1
0,1,0,1
0,1,0,1
0,1,0,1
0,1,0,1
0,1,0,1
0,0,1,1
0,1,1,1
0,1,1,1
0,1,1,1
0,1,0,1
0,1,0,1
551,1,1,1
0,1,1,1
0,1,1,1
0,1,1,1
0,1,1,1
0,1,0,1
1600,1,0,1
0,1,0,1
0,1,0,1
0,1,0,1
0,1,0,1
0,1,0,1
0,0,0,1
0,1,0,1
0,1,0,1
0,1,0,1
0,1,0,1
0,1,0,1
18,0,0,1
0,1,1,1
0,1,1,1
0,1,1,1
0,1,0,1
0,1,0,1
680,1,1,1
0,1,0,1
0,1,1,1
0,1,0,1
0,1,1,1
0,1,0,1
1,0,1,1
0,1,1,1
0,1,1,1
0,1,1,1
0,1,1,1
0,1,0,1
559,1,1,1
0,1,1,1
0,1,1,1
0,1,0,1
0,1,1,1
0,1,1,1
1,1,1,1
0,1,1,1
0,1,1,1
0,1,1,1
0,1,1,1
0,1,0,1
1048,1,1,1
0,1,1,1
0,1,1,1
0,1,1,1
0,1,1,1
0,1,1,1
1609,0,0,1
0,1,0,1
0,1,0,1
0,1,0,1
0,1,0,1
0,1,0,1
2719,0,1,1
0,1,1,1
0,1,1,1
0,1,0,1
0,1,1,1
0,1,1,1
240,0,1,1
0,1,1,1
0,1,1,1
0,1,0,1
0,1,1,1
0,1,1,1
152,1,0,1
0,1,1,1
0,1,1,1
0,1,1,1
0,1,1,1
0,1,1,1
20,1,1,1
0,1,1,1
0,1,1,1
0,1,0,1
0,1,1,1
0,1,1,1
822,1,0,1
0,1,1,1
0,1,1,1
0,1,1,1
0,1,1,1
0,1,1,1
1000,1,1,1
0,1,1,1
0,1,1,1
0,1,1,1
0,1,1,1
0,1,1,1
118,1,1,1
0,1,1,1
0,1,1,1
0,1,1,1
0,1,1,1
0,1,1,1
2,0,0,1
0,1,1,1
0,1,0,1
0,1,0,1
0,1,0,1
0,1,1,1
48,0,0,1
0,1,1,1
0,1,1,1
0,1,1,1
0,1,1,1
0,1,1,1
1,1,1,1
0,1,1,1
0,1,1,1
0,1,0,1
0,1,1,1
0,1,1,1
1,1,1,1
0,1,1,1
0,1,1,1
0,1,1,1
0,1,0,1
0,1,1,1
20,1,1,1
0,1,1,1
0,1,1,1
0,1,0,1
0,1,1,1
0,1,1,1
1821,1,1,1
0,1,1,1
0,1,0,1
0,1,1,1
0,1,1,1
0,1,1,1
48,0,0,1
0,1,0,1
0,1,0,1
0,1,0,1
0,1,0,1
0,1,0,1
22,1,0,1
0,1,0,1
0,1,0,1
0,1,0,1
0,1,0,1
0,1,0,1
1821,1,0,1
0,1,0,1
0,1,0,1
0,1,0,1
0,1,0,1
0,1,0,1
118,1,0,1
0,1,0,1
0,1,0,1
0,1,0,1
0,1,0,1
0,1,0,1
6,0,0,1
0,1,1,1
0,1,1,1
0,1,1,1
0,1,1,1
0,1,1,1
6,0,0,1
0,1,0,1
0,1,0,1
0,1,0,1
0,1,0,1
0,1,0,1
747,0,1,1
0,1,1,1
0,1,1,1
0,1,1,1
0,1,1,1
0,1,1,1
48,1,1,1
0,1,1,1
0,1,1,1
0,1,1,1
0,1,1,1
0,1,1,1
35,0,1,1
0,1,1,1
0,1,1,1
0,1,1,1
0,1,0,1
0,1,1,1
8,1,1,1
0,1,1,1
0,1,0,1
0,1,1,1
0,1,1,1
0,1,1,1
35,0,0,1
0,1,0,1
0,1,0,1
0,1,0,1
0,1,0,1
0,1,0,1
8,1,0,1
0,1,0,1
0,1,0,1
0,1,0,1
0,1,0,1
0,1,0,1
22,0,1,1
0,1,1,1
0,1,1,1
0,1,1,1
0,1,1,1
0,1,1,1
912,1,1,1
0,1,1,1
0,1,1,1
0,1,1,1
0,1,1,1
0,1,0,1
22,0,0,1
0,1,0,1
0,1,0,1
0,1,0,1
0,1,0,1
0,1,0,1
0,0,0,1
0,1,0,1
0,1,0,1
0,1,0,1
0,1,0,1
0,1,0,1
132,0,0,1
0,1,0,1
0,1,0,1
0,1,0,1
0,1,1,1
0,1,0,1
330,0,1,1
0,1,1,1
0,1,1,1
0,1,0,1
0,1,1,1
0,1,1,1
29,1,1,1
0,1,1,1
0,1,0,1
0,1,1,1
0,1,1,1
0,1,1,1
1,1,0,1
0,1,1,1
0,1,1,1
0,1,1,1
0,1,1,1
0,1,1,1
42,1,1,1
0,1,1,1
0,1,1,1
0,1,1,1
0,1,1,1
0,1,0,1
96,1,1,1
0,1,1,1
0,1,1,1
0,1,0,1
0,1,1,1
0,1,1,1
0,1,1,1
0,1,0,1
0,1,1,1
0,1,1,1
0,1,1,1
0,1,1,1
1,1,1,1
0,1,1,1
0,1,1,1
0,1,0,1
0,1,1,1
0,1,1,1
265,1,1,1
0,1,1,1
0,1,1,1
0,1,1,1
0,1,1,1
0,1,1,1
217,1,1,1
0,1,1,1
0,1,1,1
0,1,1,1
0,1,1,1
0,1,1,1
2863,1,1,1
0,1,1,1
0,1,1,1
0,1,1,1
0,1,1,1
0,1,1,1
1091,0,1,1
0,1,0,1
0,1,1,1
0,1,1,1
0,1,1,1
0,1,1,1
410,1,1,1
0,1,0,1
0,1,1,1
0,1,1,1
0,1,1,1
0,1,1,1
3240,1,1,1
0,1,1,1
0,1,1,1
0,1,1,1
0,1,1,1
0,1,1,1
78,0,1,1
0,1,1,1
0,1,1,1
0,1,1,1
0,1,1,1
0,1,1,1
142,0,0,1
0,1,0,1
0,1,0,1
0,1,0,1
0,1,0,1
0,1,1,1
33295,0,1,1
0,1,1,1
0,1,0,1
0,1,1,1
0,1,1,1
0,1,1,1
0,0,1,1
0,1,0,1
0,1,0,1
0,1,1,1
0,1,0,1
0,1,1,1
0,0,1,1
0,1,1,1
0,1,0,1
0,1,0,1
0,1,1,1
0,1,0,1
86,0,1,1
0,1,1,1
0,1,0,1
0,1,0,1
0,1,1,1
0,1,1,1
32891,0,1,1
0,1,1,1
0,1,1,1
0,1,1,1
0,1,1,1
0,1,1,1
0,0,1,1
0,1,1,1
0,1,0,1
0,1,1,1
0,1,1,1
0,1,1,1
33486,0,0,1
0,1,0,1
0,1,1,1
0,1,1,1
0,1,1,1
0,1,1,1
1682,0,0,1
0,1,0,1
0,1,0,1
0,1,1,1
0,1,1,1
0,1,1,1
27070,0,1,1
0,1,1,1
0,1,1,1
0,1,1,1
0,1,0,1
0,1,1,1
661,0,1,1
0,1,1,1
0,1,1,1
0,1,0,1
0,1,1,1
0,1,1,1
6723,1,1,1
0,1,1,1
0,1,1,1
0,1,1,1
0,1,1,1
0,1,1,1
2548,1,1,1
0,1,1,1
0,1,1,1
0,1,1,1
0,1,1,1
0,1,1,1
0,1,1,1
0,1,1,1
0,1,1,1
0,1,1,1
0,1,1,1
0,1,1,1
1840,1,1,1
0,1,1,1
0,1,1,1
0,1,1,1
0,1,1,1
0,1,1,1
8690,1,1,1
0,1,1,1
0,1,1,1
0,1,1,1
0,1,1,1
0,1,1,1
8063,1,1,1
0,1,1,1
0,1,1,1
0,1,1,1
0,1,1,1
0,1,1,1
35,1,1,1
0,1,1,1
0,1,1,1
0,1,1,1
0,1,1,1
0,1,1,1
673,1,1,1
0,1,1,1
0,1,1,1
0,1,1,1
0,1,1,1
0,1,0,1
684,1,1,1
0,1,1,1
0,1,1,1
0,1,1,1
0,1,1,1
0,1,0,1
334,1,1,1
0,1,1,1
0,1,1,1
0,1,1,1
0,1,1,1
0,1,0,1
0,1,1,1
0,1,1,1
0,1,1,1
0,1,1,1
0,1,1,1
0,1,1,1
1260,1,1,1
0,1,1,1
0,1,1,1
0,1,1,1
0,1,1,1
0,1,1,1
2258,1,1,1
0,1,1,1
0,1,1,1
0,1,1,1
0,1,1,1
0,1,1,1
788,1,1,1
0,1,1,1
0,1,1,1
0,1,1,1
0,1,1,1
0,1,0,1
493,1,1,1
0,1,1,1
0,1,1,1
0,1,1,1
0,1,1,1
0,1,0,1
604,1,1,1
0,1,1,1
0,1,1,1
0,1,1,1
0,1,1,1
0,1,1,1
2134,1,1,1
0,1,1,1
0,1,1,1
0,1,1,1
0,1,1,1
0,1,0,1
157,0,1,1
0,1,1,1
0,1,1,1
0,1,0,1
0,1,1,1
0,1,1,1
841,1,1,1
0,1,0,1
0,1,1,1
0,1,1,1
0,1,1,1
0,1,1,1
285,1,1,1
0,1,1,1
0,1,1,1
0,1,1,1
0,1,0,1
0,1,1,1
513,1,0,1
0,1,1,1
0,1,1,1
0,1,1,1
0,1,1,1
0,1,1,1
1,1,1,1
0,1,1,1
0,1,1,1
0,1,1,1
0,1,0,1
0,1,1,1
1195,1,1,1
0,1,0,1
0,1,1,1
0,1,1,1
0,1,1,1
0,1,1,1
625,1,1,1
0,1,1,1
0,1,1,1
0,1,1,1
0,1,1,1
0,1,0,1
44,1,1,1
0,1,1,1
0,1,0,1
0,1,1,1
0,1,1,1
0,1,1,1
216,1,1,1
0,1,1,1
0,1,1,1
0,1,1,1
0,1,1,1
0,1,0,1
748,1,1,1
0,1,1,1
0,1,1,1
0,1,1,1
0,1,0,1
0,1,1,1
44,1,1,1
0,1,1,1
0,1,1,1
0,1,1,1
0,1,0,1
0,1,1,1
29,1,1,1
0,1,0,1
0,1,1,1
0,1,1,1
0,1,1,1
0,1,1,1
1151,1,1,1
0,1,1,1
0,1,1,1
0,1,1,1
0,1,1,1
0,1,0,1
0,1,1,1
0,1,1,1
0,1,0,1
0,1,1,1
0,1,1,1
0,1,1,1
94,1,1,1
0,1,1,1
0,1,1,1
0,1,1,1
0,1,0,1
0,1,1,1
768,1,1,1
0,1,1,1
0,1,1,1
0,1,0,1
0,1,1,1
0,1,1,1
0,1,1,1
0,1,0,1
0,1,1,1
0,1,1,1
0,1,1,1
0,1,1,1
628,1,1,1
0,1,0,1
0,1,1,1
0,1,1,1
0,1,1,1
0,1,1,1
45,1,1,1
0,1,1,1
0,1,0,1
0,1,1,1
0,1,1,1
0,1,1,1
1455,1,1,1
0,1,1,1
0,1,1,1
0,1,1,1
0,1,1,1
0,1,0,1
391,1,1,1
0,1,1,1
0,1,0,1
0,1,1,1
0,1,1,1
0,1,1,1
702,1,1,1
0,1,1,1
0,1,1,1
0,1,1,1
0,1,1,1
0,1,1,1
0,1,0,1
0,1,0,1
0,1,1,1
0,1,1,1
0,1,1,1
0,1,1,1
426,1,1,1
0,1,1,1
0,1,1,1
0,1,1,1
0,1,1,1
0,1,0,1
548,1,1,1
0,1,0,1
0,1,1,1
0,1,1,1
0,1,1,1
0,1,1,1
145,1,1,1
0,1,1,1
0,1,0,1
0,1,1,1
0,1,1,1
0,1,1,1
552,1,1,1
0,1,0,1
0,1,1,1
0,1,1,1
0,1,1,1
0,1,1,1
169,1,1,1
0,1,1,1
0,1,0,1
0,1,1,1
0,1,1,1
0,1,1,1
1992,1,1,1
0,1,1,1
0,1,1,1
0,1,1,1
0,1,0,1
0,1,1,1
648,1,1,1
0,1,1,1
0,1,0,1
0,1,1,1
0,1,1,1
0,1,1,1
0,1,1,1
0,1,1,1
0,1,1,1
0,1,1,1
0,1,0,1
0,1,1,1
483,1,1,1
0,1,1,1
0,1,0,1
0,1,1,1
0,1,1,1
0,1,1,1
170,1,1,1
0,1,0,1
0,1,1,1
0,1,1,1
0,1,1,1
0,1,1,1
1580,1,1,1
0,1,0,1
0,1,1,1
0,1,1,1
0,1,1,1
0,1,1,1
609,1,1,1
0,1,1,1
0,1,1,1
0,1,1,1
0,1,1,1
0,1,0,1
2587,1,1,1
0,1,0,1
0,1,1,1
0,1,1,1
0,1,1,1
0,1,1,1
71,1,1,1
0,1,1,1
0,1,1,1
0,1,0,1
0,1,1,1
0,1,1,1
0,1,0,1
0,1,1,1
0,1,1,1
0,1,1,1
0,1,1,1
0,1,1,1
550,1,1,1
0,1,0,1
0,1,1,1
0,1,1,1
0,1,1,1
0,1,1,1
1419,1,1,1
0,1,1,1
0,1,1,1
0,1,1,1
0,1,0,1
0,1,1,1
20,1,0,1
0,1,1,1
0,1,1,1
0,1,1,1
0,1,1,1
0,1,1,1
555,1,1,1
0,1,1,1
0,1,1,1
0,1,1,1
0,1,1,1
0,1,0,1
139,1,0,1
0,1,1,1
0,1,1,1
0,1,1,1
0,1,1,1
0,1,1,1
106,1,1,1
0,1,0,1
0,1,1,1
0,1,1,1
0,1,1,1
0,1,1,1
28,1,1,1
0,1,1,1
0,1,1,1
0,1,1,1
0,1,1,1
0,1,0,1
1269,1,1,1
0,1,1,1
0,1,1,1
0,1,1,1
0,1,0,1
0,1,1,1
640,1,1,1
0,1,0,1
0,1,1,1
0,1,1,1
0,1,1,1
0,1,1,1
1776,1,1,1
0,1,0,1
0,1,1,1
0,1,1,1
0,1,1,1
0,1,1,1
653,1,1,1
0,1,1,1
0,1,1,1
0,1,1,1
0,1,0,1
0,1,1,1
1147,1,1,1
0,1,0,1
0,1,1,1
0,1,1,1
0,1,1,1
0,1,1,1
3,1,1,1
0,1,0,1
0,1,1,1
0,1,1,1
0,1,1,1
0,1,1,1
84,1,1,1
0,1,0,1
0,1,1,1
0,1,1,1
0,1,1,1
0,1,1,1
105,1,1,1
0,1,1,1
0,1,1,1
0,1,1,1
0,1,0,1
0,1,1,1
143,1,1,1
0,1,1,1
0,1,0,1
0,1,1,1
0,1,1,1
0,1,1,1
7,1,1,1
0,1,0,1
0,1,1,1
0,1,1,1
0,1,1,1
0,1,1,1
3,1,1,1
0,1,1,1
0,1,1,1
0,1,1,1
0,1,0,1
0,1,1,1
526,1,1,1
0,1,0,1
0,1,1,1
0,1,1,1
0,1,1,1
0,1,1,1
15,1,0,1
0,1,1,1
0,1,1,1
0,1,1,1
0,1,1,1
0,1,1,1
127,1,1,1
0,1,1,1
0,1,1,1
0,1,1,1
0,1,0,1
0,1,1,1
821,1,1,1
0,1,1,1
0,1,0,1
0,1,1,1
0,1,1,1
0,1,1,1
148,1,1,1
0,1,0,1
0,1,1,1
0,1,1,1
0,1,1,1
0,1,1,1
43,1,1,1
0,1,1,1
0,1,1,1
0,1,0,1
0,1,1,1
0,1,1,1
121,1,1,1
0,1,1,1
0,1,0,1
0,1,1,1
0,1,1,1
0,1,1,1
338,1,1,1
0,1,1,1
0,1,0,1
0,1,1,1
0,1,1,1
0,1,1,1
16,1,0,1
0,1,1,1
0,1,1,1
0,1,1,1
0,1,1,1
0,1,1,1
159,1,1,1
0,1,1,1
0,1,1,1
0,1,0,1
0,1,1,1
0,1,1,1
198,1,0,1
0,1,1,1
0,1,1,1
0,1,1,1
0,1,1,1
0,1,1,1
358,1,1,1
0,1,1,1
0,1,0,1
0,1,1,1
0,1,1,1
0,1,1,1
868,1,1,1
0,1,1,1
0,1,1,1
0,1,1,1
0,1,1,1
0,1,0,1
149,1,1,1
0,1,1,1
0,1,0,1
0,1,1,1
0,1,1,1
0,1,1,1
885,1,1,1
0,1,1,1
0,1,1,1
0,1,0,1
0,1,1,1
0,1,1,1
31,1,1,1
0,1,1,1
0,1,1,1
0,1,0,1
0,1,1,1
0,1,1,1
373,1,1,1
0,1,1,1
0,1,0,1
0,1,1,1
0,1,1,1
0,1,1,1
606,1,1,1
0,1,1,1
0,1,1,1
0,1,0,1
0,1,1,1
0,1,1,1
213,1,1,1
0,1,1,1
0,1,1,1
0,1,0,1
0,1,1,1
0,1,1,1
6,1,0,1
0,1,1,1
0,1,1,1
0,1,1,1
0,1,1,1
0,1,1,1
427,1,0,1
0,1,1,1
0,1,1,1
0,1,1,1
0,1,1,1
0,1,1,1
416,1,0,1
0,1,1,1
0,1,1,1
0,1,1,1
0,1,1,1
0,1,1,1
281,1,1,1
0,1,1,1
0,1,1,1
0,1,1,1
0,1,1,1
0,1,0,1
20,1,1,1
0,1,1,1
0,1,1,1
0,1,1,1
0,1,1,1
0,1,0,1
474,1,1,1
0,1,0,1
0,1,1,1
0,1,1,1
0,1,1,1
0,1,1,1
23,1,1,1
0,1,0,1
0,1,1,1
0,1,1,1
0,1,1,1
0,1,1,1
1618,1,1,1
0,1,1,1
0,1,1,1
0,1,1,1
0,1,1,1
0,1,0,1
6145,1,1,1
0,1,0,1
0,1,1,1
0,1,1,1
0,1,1,1
0,1,1,1
2608,0,1,1
0,1,1,1
0,1,0,1
0,1,1,1
0,1,1,1
0,1,1,1
2347,1,1,1
0,1,1,1
0,1,1,1
0,1,1,1
0,1,1,1
0,1,0,1
4977,1,1,1
0,1,0,1
0,1,1,1
0,1,1,1
0,1,1,1
0,1,0,1
0,1,1,1
0,1,1,1
0,1,1,1
0,1,1,1
0,1,1,1
0,1,1,1
975,1,1,1
0,1,1,1
0,1,1,1
0,1,0,1
0,1,1,1
0,1,1,1
865,1,1,1
0,1,1,1
0,1,1,1
0,1,1,1
0,1,0,1
0,1,1,1
1991,1,1,1
0,1,0,1
0,1,1,1
0,1,1,1
0,1,1,1
0,1,1,1
5138,1,1,1
0,1,1,1
0,1,1,1
0,1,1,1
0,1,0,1
0,1,1,1
9657,1,1,1
0,1,1,1
0,1,0,1
0,1,1,1
0,1,1,1
0,1,1,1
1,1,1,1
0,1,1,1
0,1,1,1
0,1,1,1
0,1,1,1
0,1,0,1
524,1,0,1
0,1,1,1
0,1,1,1
0,1,1,1
0,1,1,1
0,1,1,1
484,1,1,1
0,1,1,1
0,1,1,1
0,1,1,1
0,1,1,1
0,1,0,1
575,1,0,1
0,1,1,1
0,1,1,1
0,1,1,1
0,1,1,1
0,1,1,1
4702,1,1,1
0,1,1,1
0,1,0,1
0,1,1,1
0,1,1,1
0,1,1,1
2071,1,1,1
0,1,0,1
0,1,1,1
0,1,1,1
0,1,1,1
0,1,1,1
642,0,1,1
0,1,0,1
0,1,1,1
0,1,1,1
0,1,1,1
0,1,0,1
526,1,0,1
0,1,0,1
0,1,1,1
0,1,1,1
0,1,1,1
0,1,1,1
196,1,1,1
0,1,1,1
0,1,1,1
0,1,0,1
0,1,1,1
0,1,0,1
383,1,0,1
0,1,0,1
0,1,1,1
0,1,1,1
0,1,1,1
0,1,1,1
42,1,1,1
0,1,0,1
0,1,1,1
0,1,0,1
0,1,1,1
0,1,1,1
143,1,1,1
0,1,0,1
0,1,1,1
0,1,0,1
0,1,1,1
0,1,1,1
30,1,1,1
0,1,1,1
0,1,1,1
0,1,0,1
0,1,0,1
0,1,1,1
1366,1,1,1
0,1,1,1
0,1,0,1
0,1,1,1
0,1,1,1
0,1,1,1
548,1,1,1
0,1,0,1
0,1,1,1
0,1,1,1
0,1,1,1
0,1,1,1
797,1,1,1
0,1,0,1
0,1,1,1
0,1,1,1
0,1,1,1
0,1,1,1
2040,1,1,1
0,1,1,1
0,1,1,1
0,1,0,1
0,1,0,1
0,1,1,1
25872,1,0,1
0,1,1,1
0,1,1,1
0,1,1,1
0,1,1,1
0,1,0,1
4955,0,0,1
0,1,1,1
0,1,1,1
0,1,1,1
0,1,1,1
0,1,1,1
675,0,1,1
0,1,1,1
0,1,1,1
0,1,1,1
0,1,1,1
0,1,1,1
455,1,1,1
0,1,1,1
0,1,1,1
0,1,1,1
0,1,1,1
0,1,1,1
120,1,1,1
0,1,1,1
0,1,1,1
0,1,1,1
0,1,1,1
0,1,1,1
65,1,1,1
0,1,1,1
0,1,1,1
0,1,1,1
0,1,1,1
0,1,1,1
676,1,1,1
0,1,1,1
0,1,1,1
0,1,1,1
0,1,1,1
0,1,1,1
1003,1,1,1
0,1,1,1
0,1,1,1
0,1,1,1
0,1,1,1
0,1,1,1
170,1,1,1
0,1,0,1
0,1,0,1
0,1,1,1
0,1,1,1
0,1,1,1
0,1,1,1
0,1,1,1
0,1,1,1
0,1,1,1
0,1,1,1
0,1,1,1
95,1,1,1
0,1,1,1
0,1,1,1
0,1,0,1
0,1,1,1
0,1,1,1
0,1,1,1
0,1,0,1
0,1,1,1
0,1,1,1
0,1,1,1
0,1,1,1
649,1,1,1
0,1,1,1
0,1,1,1
0,1,1,1
0,1,1,1
0,1,1,1
143,1,1,1
0,1,1,1
0,1,1,1
0,1,1,1
0,1,1,1
0,1,1,1
2420,0,1,1
0,1,1,1
0,1,0,1
0,1,1,1
0,1,1,1
0,1,1,1
0,1,0,1
0,1,0,1
0,1,0,1
0,1,0,1
0,1,1,1
0,1,0,1
676,0,1,1
0,1,1,1
0,1,1,1
0,1,1,1
0,1,1,1
0,1,1,1
68,1,1,1
0,1,1,1
0,1,1,1
0,1,1,1
0,1,1,1
0,1,1,1
23,1,1,1
0,1,1,1
0,1,1,1
0,1,1,1
0,1,1,1
0,1,1,1
1826,1,1,1
0,1,1,1
0,1,1,1
0,1,1,1
0,1,1,1
0,1,1,1
127,1,1,1
0,1,1,1
0,1,1,1
0,1,1,1
0,1,1,1
0,1,1,1
21,1,1,1
0,1,1,1
0,1,1,1
0,1,1,1
0,1,1,1
0,1,1,1
116,1,1,1
0,1,0,1
0,1,1,1
0,1,1,1
0,1,1,1
0,1,1,1
3073,1,1,1
0,1,1,1
0,1,1,1
0,1,1,1
0,1,1,1
0,1,0,1
19584,1,1,1
0,1,1,1
0,1,1,1
0,1,1,1
0,1,1,1
0,1,1,1
725,1,1,1
0,1,1,1
0,1,1,1
0,1,1,1
0,1,1,1
0,1,1,1
405,1,1,1
0,1,1,1
0,1,1,1
0,1,1,1
0,1,1,1
0,1,0,1
215,1,0,1
0,1,1,1
0,1,1,1
0,1,1,1
0,1,1,1
0,1,1,1
1,1,1,1
0,1,1,1
0,1,1,1
0,1,1,1
0,1,0,1
0,1,1,1
8,1,1,1
0,1,1,1
0,1,0,1
0,1,1,1
0,1,1,1
0,1,1,1
238,1,1,1
0,1,1,1
0,1,0,1
0,1,1,1
0,1,1,1
0,1,1,1
205,1,1,1
0,1,1,1
0,1,0,1
0,1,1,1
0,1,1,1
0,1,1,1
126,1,1,1
0,1,1,1
0,1,0,1
0,1,1,1
0,1,1,1
0,1,1,1
67,1,1,1
0,1,0,1
0,1,1,1
0,1,1,1
0,1,1,1
0,1,1,1
444,1,1,1
0,1,1,1
0,1,1,1
0,1,0,1
0,1,1,1
0,1,1,1
16,1,0,1
0,1,1,1
0,1,1,1
0,1,1,1
0,1,1,1
0,1,1,1
45,1,1,1
0,1,1,1
0,1,1,1
0,1,1,1
0,1,0,1
0,1,1,1
103,1,1,1
0,1,1,1
0,1,1,1
0,1,1,1
0,1,1,1
0,1,1,1
1410,1,1,1
0,1,1,1
0,1,1,1
0,1,1,1
0,1,1,1
0,1,1,1
1139,1,0,1
0,1,1,1
0,1,1,1
0,1,1,1
0,1,1,1
0,1,1,1
119,1,1,1
0,1,1,1
0,1,1,1
0,1,1,1
0,1,1,1
0,1,1,1
624,1,1,1
0,1,1,1
0,1,1,1
0,1,1,1
0,1,1,1
0,1,1,1
1005,1,1,1
0,1,1,1
0,1,1,1
0,1,1,1
0,1,1,1
0,1,1,1
100,1,1,1
0,1,1,1
0,1,0,1
0,1,1,1
0,1,1,1
0,1,1,1
91,1,1,1
0,1,1,1
0,1,1,1
0,1,1,1
0,1,1,1
0,1,1,1
25,1,1,1
0,1,1,1
0,1,1,1
0,1,0,1
0,1,1,1
0,1,1,1
2359,1,0,1
0,1,1,1
0,1,1,1
0,1,1,1
0,1,1,1
0,1,1,1
660,1,1,1
0,1,1,1
0,1,1,1
0,1,1,1
0,1,0,1
0,1,1,1
650,0,1,1
0,1,0,1
0,1,1,1
0,1,1,1
0,1,1,1
0,1,1,1
68,1,1,1
0,1,1,1
0,1,1,1
0,1,0,1
0,1,1,1
0,1,1,1
24294,1,1,1
0,1,1,1
0,1,1,1
0,1,1,1
0,1,0,1
0,1,1,1
860,1,1,1
0,1,1,1
0,1,1,1
0,1,1,1
0,1,1,1
0,1,1,1
2066,1,1,1
0,1,1,1
0,1,1,1
0,1,1,1
0,1,1,1
0,1,1,1
1557,1,1,1
0,1,1,1
0,1,1,1
0,1,1,1
0,1,1,1
0,1,1,1
3097,1,1,1
0,1,1,1
0,1,1,1
0,1,1,1
0,1,1,1
0,1,1,1
2365,1,1,1
0,1,1,1
0,1,1,1
0,1,1,1
0,1,1,1
0,1,1,1
0,0,1,1
0,1,1,1
0,1,0,1
0,1,1,1
0,1,0,1
0,1,0,1
0,0,1,1
0,1,1,1
0,1,0,1
0,1,0,1
0,1,1,1
0,1,0,1
172,0,1,1
0,1,1,1
0,1,1,1
0,1,1,1
0,1,1,1
0,1,1,1
0,1,1,1
0,1,1,1
0,1,1,1
0,1,1,1
0,1,1,1
0,1,1,1
1793,1,1,1
0,1,1,1
0,1,1,1
0,1,1,1
0,1,1,1
0,1,1,1
977,1,1,1
0,1,1,1
0,1,1,1
0,1,1,1
0,1,1,1
0,1,1,1
221,1,1,1
0,1,1,1
0,1,1,1
0,1,1,1
0,1,1,1
0,1,1,1
1110,1,1,1
0,1,1,1
0,1,1,1
0,1,1,1
0,1,1,1
0,1,1,1
721,1,1,1
0,1,1,1
0,1,1,1
0,1,1,1
0,1,1,1
0,1,1,1
16,1,1,1
0,1,1,1
0,1,1,1
0,1,1,1
0,1,1,1
0,1,1,1
1656,1,1,1
0,1,1,1
0,1,1,1
0,1,1,1
0,1,1,1
0,1,1,1
1152,1,1,1
0,1,1,1
0,1,1,1
0,1,1,1
0,1,1,1
0,1,1,1
1636,1,1,1
0,1,1,1
0,1,1,1
0,1,1,1
0,1,1,1
0,1,1,1
13203,1,1,1
0,1,1,1
0,1,1,1
0,1,1,1
0,1,1,1
0,1,1,1
6,1,1,1
0,1,1,1
0,1,1,1
0,1,1,1
0,1,1,1
0,1,1,1
154,1,1,1
0,1,1,1
0,1,1,1
0,1,1,1
0,1,1,1
0,1,0,1
200,1,0,1
0,1,1,1
0,1,1,1
0,1,1,1
0,1,1,1
0,1,1,1
170,1,1,1
0,1,1,1
0,1,1,1
0,1,1,1
0,1,1,1
0,1,1,1
15,1,1,1
0,1,1,1
0,1,1,1
0,1,1,1
0,1,1,1
0,1,0,1
52,1,1,1
0,1,1,1
0,1,0,1
0,1,1,1
0,1,1,1
0,1,1,1
142,1,1,1
0,1,1,1
0,1,1,1
0,1,1,1
0,1,0,1
0,1,1,1
647,1,0,1
0,1,1,1
0,1,1,1
0,1,1,1
0,1,1,1
0,1,1,1
103,1,1,1
0,1,1,1
0,1,1,1
0,1,1,1
0,1,1,1
0,1,1,1
74,1,1,1
0,1,1,1
0,1,1,1
0,1,1,1
0,1,1,1
0,1,1,1
25,1,1,1
0,1,1,1
0,1,1,1
0,1,1,1
0,1,1,1
0,1,1,1
462,1,1,1
0,1,1,1
0,1,1,1
0,1,1,1
0,1,1,1
0,1,1,1
848,1,1,1
0,1,1,1
0,1,1,1
0,1,1,1
0,1,1,1
0,1,1,1
148,1,1,1
0,1,1,1
0,1,1,1
0,1,1,1
0,1,1,1
0,1,1,1
118,1,1,1
0,1,1,1
0,1,1,1
0,1,1,1
0,1,1,1
0,1,1,1
866,1,1,1
0,1,1,1
0,1,1,1
0,1,1,1
0,1,1,1
0,1,1,1
2404,1,1,1
0,1,1,1
0,1,1,1
0,1,1,1
0,1,1,1
0,1,1,1
413,1,1,1
0,1,1,1
0,1,1,1
0,1,1,1
0,1,1,1
0,1,1,1
1514,1,1,1
0,1,1,1
0,1,1,1
0,1,1,1
0,1,1,1
0,1,1,1
1429,1,1,1
0,1,1,1
0,1,1,1
0,1,1,1
0,1,1,1
0,1,1,1
1582,1,1,1
0,1,1,1
0,1,1,1
0,1,1,1
0,1,1,1
0,1,1,1
3859,0,1,1
0,1,0,1
0,1,1,1
0,1,1,1
0,1,0,1
0,1,0,1
22946,0,0,1
0,1,1,1
0,1,1,1
0,1,1,1
0,1,1,1
0,1,1,1
533,1,1,1
0,1,1,1
0,1,1,1
0,1,1,1
0,1,0,1
0,1,1,1
28358,0,1,1
0,1,1,1
0,1,1,1
0,1,0,1
0,1,0,1
0,1,1,1
16476,0,1,1
0,1,1,1
0,1,0,1
0,1,0,1
0,1,1,1
0,1,0,1
0,0,1,1
0,1,1,1
0,1,0,1
0,1,1,1
0,1,1,1
0,1,1,1
16294,1,1,1
0,1,1,1
0,1,1,1
0,1,1,1
0,1,0,1
0,1,1,1
24445,0,1,1
0,1,1,1
0,1,1,1
0,1,1,1
0,1,0,1
0,1,1,1
3967,0,1,1
0,1,1,1
0,1,1,1
0,1,1,1
0,1,1,1
0,1,1,1
16279,0,1,1
0,1,0,1
0,1,1,1
0,1,1,1
0,1,1,1
0,1,0,1
15673,0,1,1
0,1,0,1
0,1,1,1
0,1,1,1
0,1,1,1
0,1,1,1
18626,0,0,1
0,1,0,1
0,1,1,1
0,1,0,1
0,1,1,1
0,1,0,1
4608,1,0,1
0,1,0,1
0,1,1,1
0,1,0,1
0,1,1,1
0,1,0,1
14129,0,0,1
0,1,0,1
0,1,0,1
0,1,1,1
0,1,1,1
0,1,1,1
2281,0,1,1
0,1,0,1
0,1,1,1
0,1,1,1
0,1,1,1
0,1,1,1
14300,1,1,1
0,1,1,1
0,1,1,1
0,1,0,1
0,1,1,1
0,1,1,1
13740,0,0,1
0,1,1,1
0,1,1,1
0,1,0,1
0,1,0,1
0,1,1,1
1206,1,1,1
0,1,1,1
0,1,1,1
0,1,1,1
0,1,1,1
0,1,1,1
1058,1,1,1
0,1,1,1
0,1,1,1
0,1,1,1
0,1,1,1
0,1,1,1
13319,0,1,1
0,1,1,1
0,1,0,1
0,1,0,1
0,1,0,1
0,1,0,1
12319,0,1,1
0,1,1,1
0,1,1,1
0,1,1,1
0,1,1,1
0,1,1,1
11358,0,1,1
0,1,1,1
0,1,1,1
0,1,1,1
0,1,1,1
0,1,1,1
7883,0,1,1
0,1,1,1
0,1,0,1
0,1,1,1
0,1,0,1
0,1,1,1
3554,0,0,1
0,1,0,1
0,1,1,1
0,1,1,1
0,1,1,1
0,1,1,1
5492,0,1,1
0,1,0,1
0,1,0,1
0,1,1,1
0,1,1,1
0,1,1,1
317,1,1,1
0,1,1,1
0,1,0,1
0,1,1,1
0,1,1,1
0,1,0,1
5723,1,1,1
0,1,1,1
0,1,0,1
0,1,1,1
0,1,0,1
0,1,1,1
31,1,1,1
0,1,1,1
0,1,1,1
0,1,0,1
0,1,0,1
0,1,1,1
1636,0,1,1
0,1,0,1
0,1,1,1
0,1,1,1
0,1,1,1
0,1,0,1
0,0,1,1
0,1,1,1
0,1,1,1
0,1,1,1
0,1,1,1
0,1,1,1
0,0,1,1
0,1,1,1
0,1,1,1
0,1,0,1
0,1,1,1
0,1,1,1
0,0,1,1
0,1,1,1
0,1,1,1
0,1,1,1
0,1,1,1
0,1,1,1
4087,1,1,1
0,1,1,1
0,1,1,1
0,1,1,1
0,1,1,1
0,1,1,1
0,0,1,1
0,1,1,1
0,1,1,1
0,1,1,1
0,1,1,1
0,1,1,1
0,0,1,1
0,1,1,1
0,1,1,1
0,1,0,1
0,1,1,1
0,1,1,1
0,0,1,1
0,1,1,1
0,1,1,1
0,1,0,1
0,1,0,1
0,1,0,1
0,0,1,1
0,1,1,1
0,1,1,1
0,1,0,1
0,1,0,1
0,1,0,1
0,0,1,1
0,1,1,1
0,1,1,1
0,1,0,1
0,1,0,1
0,1,0,1
